id,id_user,image_path,width,height,type
1,2059,2021-10-11/bac18bd8-d91e-4e6d-8c25-159dbddd2a2c_b253865672e12909.png,35,98,png
2,2059,2021-10-11/8dbe06f6-896d-472a-89d7-48487a53cb5c_sweat.png,128,128,png
3,6471,2021-10-21/b5aea387-950a-44ee-8f6c-23b210288d54_20211021_123838.jpg,4624,3468,jpg
4,6471,2021-10-21/534d568d-1a51-41bf-ac06-6fb209a3e7a9_20211021_123842.jpg,4624,3468,jpg
5,6471,2021-10-21/070d4af6-3670-4648-a64c-2f16a0e4cf19_20211021_123850.jpg,4624,3468,jpg
6,359,2021-10-22/454c669e-d06a-40f8-936b-afafe0602e8e_IMG-20211017-WA0008.jpg,1280,720,jpg
7,2135,2021-10-22/fee44924-bd57-4bfa-bded-798769878628_WhatsApp Image 2021-10-22 at 16.54.08.jpeg,1600,900,jpeg
8,2135,2021-10-22/79579223-8608-48ae-afbb-a27ca3a8df81_WhatsApp Image 2021-10-22 at 16.53.55.jpeg,1600,900,jpeg
9,2135,2021-10-22/60fca23c-ccdc-498e-9fe0-c101b931465e_WhatsApp Image 2021-10-22 at 16.53.40.jpeg,1600,900,jpeg
10,6044,2021-10-22/15503bfd-0357-4ef1-9da0-2d8d2325d2a3_WhatsApp Image 2021-10-22 at 16.33.20.jpeg,1600,900,jpeg
11,6044,2021-10-22/383c4a4f-0df6-499f-8c2d-e48982eb9e9a_WhatsApp Image 2021-10-22 at 16.32.46.jpeg,1600,900,jpeg
12,6044,2021-10-22/ed6c19b9-ba3d-4876-9149-d50d05f6413d_WhatsApp Image 2021-10-22 at 16.33.45.jpeg,1600,900,jpeg
13,1045,2021-10-22/9b84a67b-f462-40ec-a6fb-269c311409a8_WhatsApp Image 2021-10-22 at 16.31.20.jpeg,1600,900,jpeg
14,1045,2021-10-22/91de8c30-4546-47f9-be7d-c40679304891_WhatsApp Image 2021-10-22 at 16.31.33.jpeg,1600,900,jpeg
15,1045,2021-10-22/a2c82b6f-eace-407f-83cc-68315d75959e_WhatsApp Image 2021-10-22 at 16.31.59.jpeg,1600,900,jpeg
16,7025,2021-10-22/ce0243bb-1bb1-48a3-b761-6420ce786af9_WhatsApp Image 2021-10-22 at 16.29.48.jpeg,1600,900,jpeg
17,7025,2021-10-22/765bf625-f08d-4636-9db9-4c3c9c4679d5_WhatsApp Image 2021-10-22 at 16.30.02.jpeg,1600,900,jpeg
18,7025,2021-10-22/5a1deed4-6a92-4492-ad42-c2711378aed5_WhatsApp Image 2021-10-22 at 16.30.19.jpeg,1600,900,jpeg
19,329,2021-10-22/dab795df-9691-400b-83fe-c237fa7acee8_WhatsApp Image 2021-10-22 at 16.28.25.jpeg,1600,900,jpeg
20,329,2021-10-22/3b1b0db2-a9ca-445b-a991-dc9c55f593f3_WhatsApp Image 2021-10-22 at 16.28.41.jpeg,1600,900,jpeg
21,329,2021-10-22/522d8593-3bde-4629-9337-a16940f15264_WhatsApp Image 2021-10-22 at 16.29.00.jpeg,1600,900,jpeg
22,1496,2021-10-22/9609bb69-fd25-48a7-8813-47c8d0434020_WhatsApp Image 2021-10-22 at 16.26.37.jpeg,1600,900,jpeg
23,1496,2021-10-22/3b15f7e7-17b3-4dfc-ba29-894b813a1523_WhatsApp Image 2021-10-22 at 16.26.47.jpeg,1600,900,jpeg
24,1496,2021-10-22/14736a66-7d5c-48b4-ab80-dfb40f4b7da9_WhatsApp Image 2021-10-22 at 16.27.03.jpeg,1600,900,jpeg
25,8117,2021-10-22/aa86761c-3e86-4133-b54a-33a5b31f2a2c_WhatsApp Image 2021-10-22 at 16.25.07.jpeg,1600,900,jpeg
26,8117,2021-10-22/8018c10a-48dd-4084-a2c1-2c565813d47a_WhatsApp Image 2021-10-22 at 16.25.07.jpeg,1600,900,jpeg
27,8117,2021-10-22/2f0122ca-6cd7-493f-925d-78aef628f766_WhatsApp Image 2021-10-22 at 16.26.01.jpeg,1600,900,jpeg
28,8117,2021-10-22/2c1faeec-675c-4f02-bc1a-f06f7ded8891_WhatsApp Image 2021-10-22 at 16.24.56.jpeg,1600,900,jpeg
29,8637,2021-10-22/07270018-d481-4f3c-a5a8-02bcf68751c7_WhatsApp Image 2021-10-22 at 16.12.53 (1).jpeg,1600,900,jpeg
30,8637,2021-10-22/6dba5086-14e5-424e-bc5c-93ed47ab1610_WhatsApp Image 2021-10-22 at 16.13.00.jpeg,1600,900,jpeg
31,8637,2021-10-22/85ca80a2-0d1d-4228-8e6d-86d8da6b6cb2_WhatsApp Image 2021-10-22 at 16.13.14 (1).jpeg,1600,900,jpeg
32,8504,2021-10-27/fb944566-a71a-4679-b8b4-790ba775fb80_WhatsApp Image 2021-10-25 at 14.59.54.jpeg,1280,720,jpeg
33,8504,2021-10-27/a1ac209e-01d6-45da-95c0-d7e41c559188_WhatsApp Image 2021-10-25 at 15.00.16.jpeg,1280,720,jpeg
34,8504,2021-10-27/c2eecf74-e46b-441c-887c-8a8bf0380eb0_WhatsApp Image 2021-10-25 at 15.00.39.jpeg,1280,720,jpeg
35,8661,2021-10-27/5ddce652-ec59-4f06-8b16-333206c03ac7_WhatsApp Image 2021-10-25 at 14.09.53.jpeg,1280,720,jpeg
36,8661,2021-10-27/cd632cfa-9792-44c6-9765-d88e636ab440_WhatsApp Image 2021-10-25 at 14.10.17.jpeg,1280,720,jpeg
37,8661,2021-10-27/c5ab002e-91a4-44b6-b0e0-3e960a14d371_WhatsApp Image 2021-10-25 at 14.10.35.jpeg,1280,720,jpeg
38,8601,2021-10-27/cb4319e0-bbf5-4c43-96f2-7628f13ca986_WhatsApp Image 2021-10-25 at 14.08.15.jpeg,1280,720,jpeg
39,8601,2021-10-27/9ccd1d2d-d785-4236-8302-f024c1104d93_WhatsApp Image 2021-10-25 at 14.08.37.jpeg,1280,720,jpeg
40,8601,2021-10-27/e9a1024d-e703-4568-a320-18a137d2fcf2_WhatsApp Image 2021-10-25 at 14.08.59.jpeg,1280,720,jpeg
41,4053,2021-10-27/51675e93-aaa5-430d-ba57-e69618d74ddf_WhatsApp Image 2021-10-26 at 15.18.28.jpeg,1280,720,jpeg
42,4053,2021-10-27/0e49ba5f-033a-4027-aeae-b23ded1c5397_WhatsApp Image 2021-10-26 at 15.18.42.jpeg,1280,720,jpeg
43,4053,2021-10-27/06a30592-5879-4bda-966d-7b3d154b88cf_WhatsApp Image 2021-10-26 at 15.19.03.jpeg,1280,720,jpeg
44,7345,2021-10-27/bda700e5-60b4-4d1d-b5f1-992362fc3e4f_WhatsApp Image 2021-10-26 at 13.11.42.jpeg,1032,581,jpeg
45,7345,2021-10-27/1a5c8247-cfe3-4615-af19-9cd9991688de_WhatsApp Image 2021-10-26 at 13.11.43 (1).jpeg,1032,581,jpeg
46,7345,2021-10-27/0b4f6983-8cf3-48d4-ac67-70c6be0eac30_WhatsApp Image 2021-10-26 at 13.11.43 (3).jpeg,1032,581,jpeg
47,8991,2021-10-27/2f8827c9-306d-4c4c-a114-0900bcf25631_WhatsApp Image 2021-10-26 at 13.07.57.jpeg,1280,720,jpeg
48,8991,2021-10-27/6f175905-7073-4caa-9d6b-95463fceb37d_WhatsApp Image 2021-10-26 at 13.08.18.jpeg,1280,720,jpeg
49,8991,2021-10-27/25f54cb6-723d-41a3-a0ff-06cfbe1e3b53_WhatsApp Image 2021-10-26 at 13.08.56.jpeg,1280,720,jpeg
50,9142,2021-11-02/853f4697-e0eb-4e59-ab0d-824d838e5696_WhatsApp Image 2021-11-02 at 10.24.18.jpeg,1600,900,jpeg
51,9142,2021-11-02/a12d744d-a91b-476a-8e0d-51fe222662ab_WhatsApp Image 2021-11-02 at 10.24.35.jpeg,1600,900,jpeg
52,9142,2021-11-02/1d79194d-ff77-479b-842b-3fef6d15cb3d_WhatsApp Image 2021-11-02 at 10.24.49.jpeg,1600,900,jpeg
53,8925,2021-11-02/6de1a8e7-e027-49c3-b891-0192dc4d1805_WhatsApp Image 2021-10-27 at 17.12.17.jpeg,1280,720,jpeg
54,8925,2021-11-02/67d7ba46-fb87-475f-b29b-e10a364eda78_WhatsApp Image 2021-10-27 at 17.12.46.jpeg,1280,720,jpeg
55,8925,2021-11-02/3d208f00-9411-45fb-8a5f-080cbc9723c6_WhatsApp Image 2021-10-27 at 17.13.06.jpeg,1280,720,jpeg
56,8161,2021-11-02/146a9c3e-fe38-49d2-ace0-c1dbb8fc95cb_WhatsApp Image 2021-10-27 at 17.08.12 (2).jpeg,1280,720,jpeg
57,8161,2021-11-02/78047b10-c193-4ea6-897c-f023e1c88234_WhatsApp Image 2021-10-27 at 17.08.32 (1).jpeg,1280,720,jpeg
58,8161,2021-11-02/ea7a984f-5331-4083-ba8c-0fd6c06b40d0_WhatsApp Image 2021-10-27 at 17.08.57 (1).jpeg,1280,720,jpeg
59,8599,2021-11-02/929b9024-0049-4505-8b77-f634b4c26f5c_WhatsApp Image 2021-11-02 at 14.37.40.jpeg,1280,720,jpeg
60,8599,2021-11-02/16182f57-b413-46d0-bda7-9c8fa8eba039_WhatsApp Image 2021-11-02 at 14.37.47.jpeg,1280,720,jpeg
61,8599,2021-11-02/45481bc9-e15c-4ff2-875d-ae32a127cd1b_WhatsApp Image 2021-11-02 at 14.37.54.jpeg,1280,720,jpeg
62,9156,2021-11-02/0fd2b697-723b-44fd-9f82-15fbfe1521db_WhatsApp Image 2021-11-01 at 14.09.00.jpeg,1600,901,jpeg
63,9156,2021-11-02/ba8ef187-866d-486d-ae18-03e202f82691_WhatsApp Image 2021-11-01 at 14.09.16.jpeg,1600,901,jpeg
64,9156,2021-11-02/82dd9ca0-38c3-4a90-bc7b-a0f9c3885008_WhatsApp Image 2021-11-01 at 14.09.29.jpeg,1600,901,jpeg
65,7431,2021-11-02/c3c0325a-0c56-4820-a3e8-6c590567f97e_WhatsApp Image 2021-11-01 at 11.37.18.jpeg,1600,901,jpeg
66,7431,2021-11-02/41132f9a-a0b4-4d98-a7ec-f6d1bd6dddb7_WhatsApp Image 2021-11-01 at 11.37.38.jpeg,1600,901,jpeg
67,7431,2021-11-02/7aeea74b-81c6-4ed7-81aa-854afe07a481_WhatsApp Image 2021-11-01 at 11.37.30.jpeg,1600,901,jpeg
68,9265,2021-11-02/a5304e9a-bbd6-41cf-ad09-161ad5d2dcdf_WhatsApp Image 2021-11-01 at 11.34.56.jpeg,1600,901,jpeg
69,9265,2021-11-02/bf3d4a87-646c-446a-901a-dd39c176c848_WhatsApp Image 2021-11-01 at 11.35.17.jpeg,1600,901,jpeg
70,9265,2021-11-02/aaaf34bb-3d07-43e1-a05e-447470c52dbc_WhatsApp Image 2021-11-01 at 11.35.29.jpeg,1600,901,jpeg
71,9039,2021-11-03/230bfeb7-5247-4b15-976a-565579238a95_WhatsApp Image 2021-11-01 at 11.32.17.jpeg,1600,901,jpeg
72,9039,2021-11-03/f179b343-284e-48e8-91bb-dc8f1830ed01_WhatsApp Image 2021-11-01 at 11.32.03.jpeg,1280,720,jpeg
73,9039,2021-11-03/f965f723-b9b1-43d7-a120-43305ca752d2_WhatsApp Image 2021-11-01 at 11.32.03.jpeg,1280,720,jpeg
74,9039,2021-11-03/5c337cac-247f-442e-b255-33dfe9f66d45_WhatsApp Image 2021-11-01 at 11.32.10.jpeg,1280,720,jpeg
75,643,2021-11-03/f32d7671-9ec3-47fb-8896-81eda2924c9d_WhatsApp Image 2021-10-29 at 15.56.26 (1).jpeg,1600,1200,jpeg
76,643,2021-11-03/e201b29b-59cc-428f-be55-c86ac2cce816_WhatsApp Image 2021-10-29 at 15.56.26.jpeg,1600,1200,jpeg
77,643,2021-11-03/2ef900d9-3458-49a1-a76d-3549aedc1ee1_WhatsApp Image 2021-10-29 at 15.56.26 (2).jpeg,1600,720,jpeg
78,765,2021-11-03/bf6209b7-0078-4e81-bf29-c288c4d1846d_WhatsApp Image 2021-10-29 at 14.42.35 (1).jpeg,1600,720,jpeg
79,765,2021-11-03/aa365839-53cd-4f7d-bceb-cd1020c7f2d2_WhatsApp Image 2021-10-29 at 14.42.34.jpeg,1600,1200,jpeg
80,765,2021-11-03/6ad62317-b928-4702-beda-b6644a75c394_WhatsApp Image 2021-10-29 at 14.42.34 (1).jpeg,1600,1200,jpeg
81,6844,2021-11-03/ddc99f1d-c85f-4a72-b931-672cda2d9082_WhatsApp Image 2021-10-29 at 11.47.06.jpeg,1600,1200,jpeg
82,6844,2021-11-03/db36221c-df92-4069-b40a-4eec5725e113_WhatsApp Image 2021-10-29 at 11.47.07 (1).jpeg,1600,1200,jpeg
83,6844,2021-11-03/1058a96b-a627-497f-afe0-4768b091608b_WhatsApp Image 2021-10-29 at 11.47.07.jpeg,1600,1200,jpeg
84,6995,2021-11-03/30091d18-6b75-48d4-be0e-0f18864836ac_WhatsApp Image 2021-10-28 at 14.30.27.jpeg,1600,1200,jpeg
85,6995,2021-11-03/477141cc-75d7-49ff-9b22-aa52b51cab90_WhatsApp Image 2021-10-28 at 14.30.27 (1).jpeg,1600,1200,jpeg
86,6995,2021-11-03/882133f2-f5e5-4e7c-af43-7df7d07f5b5c_WhatsApp Image 2021-10-28 at 14.30.26.jpeg,1600,1200,jpeg
87,9138,2021-11-03/f872b5df-66b8-40ff-8715-e890b3e21fc6_WhatsApp Image 2021-10-28 at 14.24.35 (3).jpeg,1600,1200,jpeg
88,9138,2021-11-03/e9a661b1-6fbe-4e09-87df-fc01365e03b9_WhatsApp Image 2021-10-28 at 14.24.35.jpeg,1600,1200,jpeg
89,9138,2021-11-03/89e81e9b-133e-47fb-bfd9-b6a9c5df10ee_WhatsApp Image 2021-10-28 at 14.24.36.jpeg,1600,1200,jpeg
90,1063,2021-11-08/a7471a96-5fed-48e0-a102-71f4bee77a06_WhatsApp Image 2021-11-05 at 5.29.05 PM (1).jpeg,1600,1200,jpeg
91,1063,2021-11-08/0c5a293b-4068-4e63-aca6-2204fe253e16_WhatsApp Image 2021-11-05 at 5.29.05 PM.jpeg,1600,1200,jpeg
92,1063,2021-11-08/6d1308a2-ea0c-463a-88d9-0bcab9ddf04a_WhatsApp Image 2021-11-05 at 5.29.06 PM.jpeg,1600,1200,jpeg
93,104,2021-11-08/6b6b30cb-7b56-4257-a336-cb17efacd729_WhatsApp Image 2021-11-05 at 5.29.06 PM (2).jpeg,1600,1200,jpeg
97,1130,2021-11-08/f617fc9c-8e85-4133-923f-d3fca7ef52be_WhatsApp Image 2021-11-05 at 5.28.59 PM.jpeg,1600,1200,jpeg
107,1562,2021-11-08/62fe0edc-f95a-4388-9a9c-a4bac796d622_WhatsApp Image 2021-11-05 at 5.28.56 PM.jpeg,1600,1200,jpeg
109,1320,2021-11-08/1cea296f-a4ef-459e-bcbe-dd7584010812_WhatsApp Image 2021-11-05 at 5.29.01 PM (1).jpeg,1600,1200,jpeg
94,104,2021-11-08/96e5e881-9193-4072-bf24-f4c6aef2779e_WhatsApp Image 2021-11-05 at 5.29.06 PM (1).jpeg,1600,1200,jpeg
95,104,2021-11-08/671cd8b6-4fcd-466a-95b8-a53256b75935_WhatsApp Image 2021-11-05 at 5.29.07 PM.jpeg,1600,1200,jpeg
96,1130,2021-11-08/d77bbb6d-9cb9-458f-946b-df85581fdd73_WhatsApp Image 2021-11-05 at 5.29.00 PM.jpeg,1600,1200,jpeg
98,1130,2021-11-08/7c7bc699-2060-427b-aae6-787e8b4e8837_WhatsApp Image 2021-11-05 at 5.28.59 PM (1).jpeg,1600,1200,jpeg
99,536,2021-11-08/0f2a5145-f0a7-44ac-955b-0ca5b1af7543_WhatsApp Image 2021-11-05 at 5.28.59 PM (2).jpeg,1600,1200,jpeg
100,536,2021-11-08/fe98c07d-daee-415e-86ad-9af0dce7f61c_WhatsApp Image 2021-11-05 at 5.28.58 PM.jpeg,1600,1200,jpeg
101,536,2021-11-08/62a4fa02-e6f3-489a-a1ae-4b0fd33aac55_WhatsApp Image 2021-11-05 at 5.28.58 PM (1).jpeg,1600,1200,jpeg
102,4128,2021-11-08/83a91658-fd13-4c5b-8362-8e5d38bcd58b_WhatsApp Image 2021-11-05 at 5.29.03 PM.jpeg,1600,1200,jpeg
103,4128,2021-11-08/fe3fb2d6-9242-479c-8232-34bb7df57b0b_WhatsApp Image 2021-11-05 at 5.29.03 PM (2).jpeg,1600,1200,jpeg
104,4128,2021-11-08/945b7709-d503-4d01-9c15-247356f55c3c_WhatsApp Image 2021-11-05 at 5.29.03 PM (1).jpeg,1600,1200,jpeg
105,1562,2021-11-08/684bc972-8477-40ac-b572-3ae869431077_WhatsApp Image 2021-11-05 at 5.28.57 PM.jpeg,1600,1200,jpeg
106,1562,2021-11-08/8b188eb4-768c-4a51-bce8-3fbdfe5e7793_WhatsApp Image 2021-11-05 at 5.28.57 PM (1).jpeg,1600,1200,jpeg
108,1320,2021-11-08/05d69c27-7a8e-4dd1-9ec8-a2c2fd888410_WhatsApp Image 2021-11-05 at 5.29.00 PM (1).jpeg,1600,1200,jpeg
110,1320,2021-11-08/0799144e-9683-4438-9a9b-c66c5532de53_WhatsApp Image 2021-11-05 at 5.29.01 PM.jpeg,1600,1200,jpeg
111,1659,2021-11-08/f1e204df-5558-4ac6-a5fd-5caec3f80cae_WhatsApp Image 2021-11-05 at 5.29.02 PM.jpeg,1600,1200,jpeg
112,1659,2021-11-08/28518607-84d0-4351-b5f7-28e5439ab5bb_WhatsApp Image 2021-11-05 at 5.29.02 PM (1).jpeg,1600,1200,jpeg
113,1659,2021-11-08/e6ab9a8b-5d61-4026-ae17-5ae4a6dd37e3_WhatsApp Image 2021-11-05 at 5.29.01 PM (2).jpeg,1600,1200,jpeg
117,1780,2021-11-08/708994a7-2944-4dbe-ba9c-88f38bc52a85_WhatsApp Image 2021-11-05 at 5.29.04 PM.jpeg,1600,1200,jpeg
118,1780,2021-11-08/0f0bbe62-7c16-42df-975e-4c0a3b8e17ab_WhatsApp Image 2021-11-05 at 5.29.04 PM (2).jpeg,1600,1200,jpeg
119,1780,2021-11-08/ae39f7b4-e2da-41aa-9f57-3c524afb3f51_WhatsApp Image 2021-11-05 at 5.29.04 PM (1).jpeg,1600,1200,jpeg
120,1328,2021-11-08/5466b504-fd02-43f7-9642-ab09eed9ab39_WhatsApp Image 2021-11-08 at 2.01.41 PM (1).jpeg,1599,899,jpeg
121,1328,2021-11-08/97996842-769b-40b4-929a-8990c36aa133_WhatsApp Image 2021-11-08 at 2.01.41 PM (2).jpeg,1599,899,jpeg
122,1328,2021-11-08/4dd04278-a5b1-44eb-a456-4fb478454c8e_WhatsApp Image 2021-11-08 at 2.01.41 PM.jpeg,1599,899,jpeg
123,1317,2021-11-08/45c7ea43-9013-4c19-9d01-fea6a85d0b1e_WhatsApp Image 2021-11-08 at 2.07.32 PM.jpeg,1599,899,jpeg
124,1317,2021-11-08/89390cd0-3636-4f3c-94c8-4ac6a03e0cd7_WhatsApp Image 2021-11-08 at 2.07.32 PM (2).jpeg,1599,899,jpeg
125,1317,2021-11-08/a1eabf94-6567-4238-979e-1b1f8780010b_WhatsApp Image 2021-11-08 at 2.07.32 PM (1).jpeg,1599,899,jpeg
126,6426,2021-11-08/ae3cc611-2b15-43f1-82a3-da41890e3633_WhatsApp Image 2021-11-08 at 2.03.38 PM.jpeg,1599,899,jpeg
127,6426,2021-11-08/7a3e136e-7c5f-45da-bd25-98f64a8b1462_WhatsApp Image 2021-11-08 at 2.03.38 PM (1).jpeg,1599,899,jpeg
128,6426,2021-11-08/1ddcaf87-705f-445b-b315-6a933b43dea9_WhatsApp Image 2021-11-08 at 2.03.37 PM.jpeg,1599,899,jpeg
129,4663,2021-11-08/078b9668-59cf-4178-bcb4-3eef152102d8_WhatsApp Image 2021-11-08 at 2.58.39 PM.jpeg,1599,899,jpeg
130,4663,2021-11-08/c3dc7c75-0022-4cea-948d-7b89d8a25776_WhatsApp Image 2021-11-08 at 2.58.39 PM (1).jpeg,1599,899,jpeg
131,4663,2021-11-08/c0400589-594c-4258-ad48-8edcaf76a865_WhatsApp Image 2021-11-08 at 2.58.38 PM.jpeg,1599,899,jpeg
132,4822,2021-11-08/af5180ea-d121-4858-9d59-dfd31ee10fbc_WhatsApp Image 2021-11-08 at 4.15.17 PM.jpeg,1600,719,jpeg
133,4822,2021-11-08/5209207c-9839-427c-bde5-ae3020be1b23_WhatsApp Image 2021-11-08 at 4.15.18 PM.jpeg,1600,719,jpeg
134,4822,2021-11-08/29b6cec4-022a-449b-8b75-6e84d1944abb_WhatsApp Image 2021-11-08 at 4.15.17 PM (1).jpeg,1600,719,jpeg
135,4817,2021-11-08/f9a9f4e7-16a2-4041-b7d8-6e4eddc1a556_WhatsApp Image 2021-11-08 at 4.19.12 PM.jpeg,1600,719,jpeg
136,4817,2021-11-08/ae62d123-2bb9-4a31-9633-e8f97eeaca1c_WhatsApp Image 2021-11-08 at 4.19.12 PM (1).jpeg,1600,719,jpeg
137,4817,2021-11-08/28b3ac12-f827-43fe-829f-778941acb67f_WhatsApp Image 2021-11-08 at 4.19.11 PM.jpeg,1600,719,jpeg
138,8958,2021-11-08/a1d81b73-322e-4203-807d-de73d81094cf_WhatsApp Image 2021-11-08 at 4.22.50 PM.jpeg,1599,899,jpeg
139,8958,2021-11-08/9381d92b-214b-46b9-bc16-4c7eaf697077_WhatsApp Image 2021-11-08 at 4.22.51 PM.jpeg,1599,899,jpeg
140,8958,2021-11-08/fb3e56c9-5957-45ea-849d-fe036b3e3899_WhatsApp Image 2021-11-08 at 4.22.50 PM (1).jpeg,1599,899,jpeg
141,2332,2021-11-08/e88e0386-1f63-4e26-842a-34c7a72b25f6_WhatsApp Image 2021-11-08 at 4.27.14 PM.jpeg,1599,899,jpeg
115,120,2021-11-08/3e627a50-e9ef-4969-a7cc-e0e3aa8aaac7_WhatsApp Image 2021-11-05 at 5.28.55 PM.jpeg,1600,1200,jpeg
114,120,2021-11-08/ca8970fe-220c-40af-a2f1-5ff3e034d98b_WhatsApp Image 2021-11-05 at 5.28.56 PM (1).jpeg,1600,1200,jpeg
142,2332,2021-11-08/24bf150b-329f-404e-9418-9ce095a2b0ac_WhatsApp Image 2021-11-08 at 4.27.15 PM.jpeg,1599,899,jpeg
143,2332,2021-11-08/8adfc60d-c67b-4e80-b6d6-3e7cb348935f_WhatsApp Image 2021-11-08 at 4.27.14 PM (1).jpeg,1599,899,jpeg
144,7866,2021-11-09/8c966595-acd0-4033-8f3a-98fb8c0fa78c_WhatsApp Image 2021-11-09 at 12.24.30 PM.jpeg,1280,960,jpeg
145,7866,2021-11-09/f723c47f-efed-4f1e-b3f3-c6e62c657748_WhatsApp Image 2021-11-09 at 12.24.29 PM.jpeg,1280,960,jpeg
146,7866,2021-11-09/4159aa2b-8833-4771-87d2-f250f95f030d_WhatsApp Image 2021-11-09 at 12.24.29 PM (1).jpeg,1280,960,jpeg
147,8149,2021-11-09/0dc40c18-52ac-440c-8082-6cac485244f7_WhatsApp Image 2021-11-09 at 12.23.45 PM.jpeg,1280,960,jpeg
148,8149,2021-11-09/7b91c280-70d3-4b66-895c-cf506d847d6e_WhatsApp Image 2021-11-09 at 12.23.46 PM (1).jpeg,1280,960,jpeg
149,8149,2021-11-09/15955bf4-bdc3-401a-935c-425ca88c5cc6_WhatsApp Image 2021-11-09 at 12.23.46 PM.jpeg,1280,960,jpeg
150,1221,2021-11-09/2d704b7a-5d9a-45eb-8953-053be2aff05d_WhatsApp Image 2021-11-09 at 12.20.05 PM.jpeg,1600,1200,jpeg
151,1221,2021-11-09/b6c18b47-1af6-4dec-97f0-dda17f282ef7_WhatsApp Image 2021-11-09 at 12.20.03 PM.jpeg,1600,1200,jpeg
152,1221,2021-11-09/674054ad-b84d-45f9-a3a5-48268df39501_WhatsApp Image 2021-11-09 at 12.20.01 PM.jpeg,1600,1200,jpeg
153,8968,2021-11-09/b1fc0012-d843-41ad-b803-bc79727800a9_WhatsApp Image 2021-11-09 at 12.21.09 PM (1).jpeg,1280,960,jpeg
154,8968,2021-11-09/e3e4cd4f-4652-4f23-9314-f5571eab53a0_WhatsApp Image 2021-11-09 at 12.21.09 PM.jpeg,1280,960,jpeg
155,8968,2021-11-09/b2fd180c-f130-4c9f-bd57-d4b8c565af0e_WhatsApp Image 2021-11-09 at 12.21.08 PM.jpeg,1280,960,jpeg
156,8258,2021-11-09/83dd0d32-2a05-4863-8448-6db770138e47_WhatsApp Image 2021-11-09 at 12.21.14 PM.jpeg,1280,960,jpeg
157,8258,2021-11-09/3f4911f8-5516-47d9-920a-feac999a8b7c_WhatsApp Image 2021-11-09 at 12.21.13 PM.jpeg,1280,960,jpeg
158,8258,2021-11-09/fc20c301-ffe3-419d-9984-f7060e8a6427_WhatsApp Image 2021-11-09 at 12.21.12 PM.jpeg,1280,960,jpeg
159,8505,2021-11-09/8233fb01-76b8-459a-8c46-0406658d0213_WhatsApp Image 2021-11-09 at 12.21.57 PM (1).jpeg,1280,960,jpeg
160,8505,2021-11-09/0b804c33-1ce1-435f-8d13-2db714587a93_WhatsApp Image 2021-11-09 at 12.21.57 PM.jpeg,1280,960,jpeg
161,8505,2021-11-09/259c2425-e064-4f36-82fc-6061aa941f79_WhatsApp Image 2021-11-09 at 12.21.56 PM.jpeg,1280,960,jpeg
162,2057,2021-11-09/8aab150b-6ae8-4cff-b04d-45808ebd6200_WhatsApp Image 2021-11-09 at 12.22.29 PM.jpeg,1280,960,jpeg
163,2057,2021-11-09/376b1abd-eae1-4677-8855-54f20fcdfb94_WhatsApp Image 2021-11-09 at 12.22.28 PM.jpeg,1280,960,jpeg
164,2057,2021-11-09/328e98c4-b5ee-4404-ad05-7dc90af6c774_WhatsApp Image 2021-11-09 at 12.22.28 PM (1).jpeg,1280,960,jpeg
165,7040,2021-11-09/efe2c0f9-60ab-4b7e-95e7-f160c450984f_WhatsApp Image 2021-11-09 at 12.24.21 PM.jpeg,1280,960,jpeg
166,7040,2021-11-09/984b1f73-b74d-4a1b-9e1d-9436323622f6_WhatsApp Image 2021-11-09 at 12.23.47 PM.jpeg,1280,960,jpeg
167,7040,2021-11-09/ed24496c-f84e-4a15-adcf-6ab78e9449b6_WhatsApp Image 2021-11-09 at 12.23.46 PM (2).jpeg,1280,960,jpeg
168,954,2021-11-10/8eb918a6-96fa-4e7c-bc3c-c8c9504c611c_WhatsApp Image 2021-11-10 at 1.35.50 PM.jpeg,1600,1201,jpeg
169,954,2021-11-10/c1f8a873-ff20-45b1-b72a-7ee4c75c8573_WhatsApp Image 2021-11-10 at 1.35.49 PM.jpeg,1600,1201,jpeg
170,954,2021-11-10/2acd3180-9e4c-4841-937e-b2b884015f5a_WhatsApp Image 2021-11-10 at 1.35.49 PM (3).jpeg,1600,1201,jpeg
171,8271,2021-11-10/4a5cee14-81d2-4bd7-8485-ae86fbbfbbc9_WhatsApp Image 2021-11-10 at 1.35.46 PM.jpeg,1600,1201,jpeg
172,8271,2021-11-10/e6592d39-d30b-4e57-a617-e32169036bd7_WhatsApp Image 2021-11-10 at 1.35.46 PM (2).jpeg,1600,1201,jpeg
173,8271,2021-11-10/628ece92-58bb-4a59-b3c1-3e65964ddcbf_WhatsApp Image 2021-11-10 at 1.35.46 PM (1).jpeg,1600,1201,jpeg
174,1538,2021-11-10/1ceecf2c-b420-41e5-8a9a-750e361cc9ab_WhatsApp Image 2021-11-10 at 1.35.52 PM.jpeg,1600,1201,jpeg
175,1538,2021-11-10/3b9dcf0d-9a40-4ee5-ab30-5301a4b0e052_WhatsApp Image 2021-11-10 at 1.35.51 PM.jpeg,1600,1201,jpeg
176,1538,2021-11-10/d84aef3d-9671-48fe-ad7c-8e1fdd230d65_WhatsApp Image 2021-11-10 at 1.35.51 PM (1).jpeg,1600,1201,jpeg
177,527,2021-11-10/402b84aa-98d3-486d-aaac-b8e9bf37eddf_WhatsApp Image 2021-11-10 at 1.35.47 PM (1).jpeg,1600,1201,jpeg
178,527,2021-11-10/7d29afc3-1492-4392-8906-597aa559e230_WhatsApp Image 2021-11-10 at 1.35.47 PM.jpeg,1600,1201,jpeg
179,527,2021-11-10/cc1ee634-9523-44c4-b26c-f3761e142c94_WhatsApp Image 2021-11-10 at 1.35.48 PM.jpeg,1600,1201,jpeg
180,1334,2021-11-10/573ea393-e7e7-4211-a0d8-c14f77f7378c_WhatsApp Image 2021-11-10 at 1.35.49 PM (4).jpeg,1600,1201,jpeg
181,1334,2021-11-10/4e4f94f1-8674-4d6d-810e-f865c275e33e_WhatsApp Image 2021-11-10 at 1.35.48 PM (2).jpeg,1600,1201,jpeg
182,1334,2021-11-10/1a485a7b-fba7-4cb0-9a71-05f39202b7f6_WhatsApp Image 2021-11-10 at 1.35.48 PM (1).jpeg,1600,1201,jpeg
183,621,2021-11-10/f510ba40-5124-4c69-bdc0-fa8d29d48e3c_WhatsApp Image 2021-11-10 at 1.35.50 PM (4).jpeg,1600,1201,jpeg
184,621,2021-11-10/493aebf1-15ed-454b-adc8-bdd9de1cbb49_WhatsApp Image 2021-11-10 at 1.35.50 PM (3).jpeg,1600,1201,jpeg
185,621,2021-11-10/6dd6a963-f03f-4e80-9970-c378cd11498a_WhatsApp Image 2021-11-10 at 1.35.50 PM (2).jpeg,1600,1201,jpeg
186,5856,2021-11-21/49f9bb68-ded8-40f1-b5cc-5588c2c48e5c_WhatsApp Image 2021-11-21 at 09.54.10.jpeg,1600,1200,jpeg
187,5856,2021-11-21/68a63944-b369-4348-a7b9-ff298a0b38e2_WhatsApp Image 2021-11-21 at 09.54.05.jpeg,1600,1200,jpeg
188,5856,2021-11-21/a7e9b7fe-5602-4238-aa92-204810e88923_WhatsApp Image 2021-11-21 at 09.53.57.jpeg,1600,1200,jpeg
189,1460,2021-11-21/0fb0d435-608c-4d95-b56c-32d33675b3a2_WhatsApp Image 2021-11-21 at 10.38.39.jpeg,1600,901,jpeg
190,1460,2021-11-21/4e463673-6830-498c-bb2e-59d3ffdc44a8_WhatsApp Image 2021-11-21 at 10.39.10.jpeg,1600,901,jpeg
191,1460,2021-11-21/6c27db19-5de1-4eb9-aa9b-b9be360f20dd_WhatsApp Image 2021-11-21 at 10.38.29.jpeg,1600,901,jpeg
195,7154,2021-11-21/acf46dc9-fdf8-4755-9ae0-21b61e8018e8_WhatsApp Image 2021-11-21 at 11.43.05.jpeg,1600,900,jpeg
196,7154,2021-11-21/208ecf9e-925b-4c18-ba25-ae04ed33fee1_WhatsApp Image 2021-11-21 at 11.43.15.jpeg,1600,900,jpeg
197,7154,2021-11-21/d2b1cd84-3b05-48a0-a311-5b933db5e3b9_WhatsApp Image 2021-11-21 at 11.43.34.jpeg,1600,900,jpeg
198,6016,2021-11-21/00529b39-21e8-4d61-a214-20a3e5a9304f_WhatsApp Image 2021-11-21 at 11.40.17.jpeg,1600,900,jpeg
199,6016,2021-11-21/c649dd0b-b552-4c3e-baff-7b4f0ba40038_WhatsApp Image 2021-11-21 at 11.40.32.jpeg,1600,900,jpeg
200,6016,2021-11-21/62939936-b944-4689-9c79-5ad2d044589a_WhatsApp Image 2021-11-21 at 11.40.55.jpeg,1600,900,jpeg
201,1741,2021-11-21/9e5dc19d-51b2-4a3e-8cb6-f956e0f436c3_WhatsApp Image 2021-11-21 at 11.38.19.jpeg,1600,900,jpeg
202,1741,2021-11-21/ac56a37b-9967-4591-827f-4d8c288c7ee6_WhatsApp Image 2021-11-21 at 11.38.29.jpeg,1600,900,jpeg
203,1741,2021-11-21/54e3abbd-51ea-4dbb-834d-fa4a2c1785ca_WhatsApp Image 2021-11-21 at 11.38.49 (1).jpeg,1600,900,jpeg
204,6336,2021-11-21/47fba5a2-f51b-47b0-967f-8b6b8df02bb3_WhatsApp Image 2021-11-21 at 11.27.30.jpeg,1600,900,jpeg
205,6336,2021-11-21/faed08f3-b5e3-48ad-9d87-59d14a90bad9_WhatsApp Image 2021-11-21 at 11.28.23.jpeg,1600,900,jpeg
206,6336,2021-11-21/950c6fab-e77e-440e-af4d-60f5bd7465dd_WhatsApp Image 2021-11-21 at 11.27.53.jpeg,1600,900,jpeg
207,120,2021-11-21/da7d1d72-56ca-4440-b236-c576793119c0_WhatsApp Image 2021-11-21 at 11.25.57.jpeg,1600,900,jpeg
208,8989,2021-11-21/c4de2674-8759-4356-ad94-4b0c9ea639ad_WhatsApp Image 2021-11-21 at 11.23.26.jpeg,1600,900,jpeg
209,8989,2021-11-21/3c1cb61d-d27d-47bc-a0b7-5d7c5b38f60a_WhatsApp Image 2021-11-21 at 11.23.51.jpeg,1600,900,jpeg
210,8989,2021-11-21/e94bf3e8-2bde-41e0-b004-6c5dd3ccb768_WhatsApp Image 2021-11-21 at 11.23.42.jpeg,1600,900,jpeg
211,401,2021-11-21/f2cd8cbd-1c7f-4c2f-b366-0491e55d3bd9_WhatsApp Image 2021-11-21 at 11.10.25.jpeg,1600,901,jpeg
212,401,2021-11-21/f144c7ab-b729-4577-9cd8-9cf56e8eb6b1_WhatsApp Image 2021-11-21 at 11.10.35.jpeg,1600,901,jpeg
213,401,2021-11-21/b44ad191-5786-4418-bbcf-a0703677186e_WhatsApp Image 2021-11-21 at 11.10.47.jpeg,1600,901,jpeg
192,9705,2021-11-21/5e48a9ce-9417-40a7-9e62-8a8e7f73d67f_WhatsApp Image 2021-11-21 at 10.42.29.jpeg,1600,901,jpeg
193,9705,2021-11-21/82356e6e-72f1-4233-a13b-9f98cb70f740_WhatsApp Image 2021-11-21 at 10.42.34.jpeg,1600,901,jpeg
194,9705,2021-11-21/341dca85-ad2f-40f4-9a53-cf682832cc3c_WhatsApp Image 2021-11-21 at 10.42.51.jpeg,1600,901,jpeg
214,5595,2021-11-21/bca70a93-644f-412d-b41e-ddec6bab435f_WhatsApp Image 2021-11-21 at 11.53.33.jpeg,1600,900,jpeg
215,5595,2021-11-21/8b07d6df-3b6a-4b5a-bb60-17ba956239c7_WhatsApp Image 2021-11-21 at 11.53.53.jpeg,1600,900,jpeg
216,5595,2021-11-21/ee1182d9-4a76-4712-8d71-5f1faaa1b04c_WhatsApp Image 2021-11-21 at 11.54.14.jpeg,1600,900,jpeg
116,120,2021-11-08/89d3b6aa-5d95-4792-b5ab-bbe1cd4741dc_WhatsApp Image 2021-11-05 at 5.28.55 PM (1).jpeg,1600,1200,jpeg
217,120,2021-11-21/7abedd88-b68e-496d-9be9-108fc1e9b576_WhatsApp Image 2021-11-21 at 11.26.06.jpeg,1600,900,jpeg
218,120,2021-11-21/c950b2bf-df33-45b3-afac-71cdf03ddd08_WhatsApp Image 2021-11-21 at 11.26.34.jpeg,1600,900,jpeg
219,5916,2021-11-21/4f4d942c-5fc4-4218-8911-ca6d4054ab89_WhatsApp Image 2021-11-21 at 11.05.24.jpeg,1600,901,jpeg
220,5916,2021-11-21/b216b5d4-a7f9-40f3-9637-c9cca003c527_WhatsApp Image 2021-11-21 at 11.05.33.jpeg,1600,901,jpeg
221,5916,2021-11-21/f9ef1498-1349-4c3e-bdc9-f2ced4b5a5eb_WhatsApp Image 2021-11-21 at 11.05.46.jpeg,1600,901,jpeg
222,2299,2021-11-21/71424cc4-f87d-4edc-bb1a-8955781e76dd_WhatsApp Image 2021-11-21 at 11.04.14.jpeg,1600,901,jpeg
223,2299,2021-11-21/fd90116c-8df7-49c0-b272-ee43adba60f1_WhatsApp Image 2021-11-21 at 11.04.25.jpeg,1600,901,jpeg
224,2299,2021-11-21/f658fb0c-60f4-4424-98f7-aa7d4200c620_WhatsApp Image 2021-11-21 at 11.04.31.jpeg,1600,901,jpeg
225,6398,2021-11-21/76b26991-c106-4753-90ef-7056f7c27920_WhatsApp Image 2021-11-21 at 11.02.59.jpeg,1600,901,jpeg
226,6398,2021-11-21/1336964f-cc7b-410d-a739-73874d474a27_WhatsApp Image 2021-11-21 at 11.03.11.jpeg,1600,901,jpeg
227,6398,2021-11-21/23b4cf9d-0f71-47b6-99a7-b7b8812c69b5_WhatsApp Image 2021-11-21 at 11.03.18.jpeg,1600,901,jpeg
228,6986,2021-11-21/28f1bc62-4ff4-48e9-b0b9-957ad6d96c21_WhatsApp Image 2021-11-21 at 11.02.07.jpeg,1280,720,jpeg
229,6986,2021-11-21/728dac8b-d573-4068-94ca-221b58da77c2_WhatsApp Image 2021-11-21 at 11.02.17.jpeg,1280,720,jpeg
230,6986,2021-11-21/631f5dd6-0e02-4c21-ada9-332dbbc581d7_WhatsApp Image 2021-11-21 at 11.02.34.jpeg,1280,720,jpeg
231,441,2021-11-21/109b3f45-36c7-47f5-8bd6-d2459775e1c1_WhatsApp Image 2021-11-21 at 11.00.19.jpeg,1600,901,jpeg
236,2202,2021-11-21/12e1f6ea-7344-4669-b4ae-0536cff20b90_WhatsApp Image 2021-11-21 at 10.59.37.jpeg,1600,901,jpeg
241,5234,2021-11-21/064c99a9-9b68-460a-9ba6-53478ef00896_WhatsApp Image 2021-11-21 at 10.56.58.jpeg,1600,901,jpeg
245,5229,2021-11-21/e6a477e3-3e8a-4d91-80d6-96dd53cf3eb3_WhatsApp Image 2021-11-21 at 10.56.24.jpeg,1600,901,jpeg
232,441,2021-11-21/5de9656f-25fc-4018-94d6-3f7e063f0d2b_WhatsApp Image 2021-11-21 at 11.00.36.jpeg,1600,901,jpeg
234,2202,2021-11-21/edcdbfdd-1c64-40da-9875-03c5a4a9356c_WhatsApp Image 2021-11-21 at 10.59.24.jpeg,1600,901,jpeg
238,2478,2021-11-21/3d5e7698-5aa7-4052-a7ed-8515c557b472_WhatsApp Image 2021-11-21 at 10.58.12.jpeg,1600,901,jpeg
242,5234,2021-11-21/36ab3563-be52-4f47-bf8b-82da17a639a1_WhatsApp Image 2021-11-21 at 10.57.11.jpeg,1600,901,jpeg
244,5229,2021-11-21/e6a3126e-e406-4bac-b551-3e311c026468_WhatsApp Image 2021-11-21 at 10.56.17.jpeg,1600,901,jpeg
233,441,2021-11-21/eefb2d82-7768-4d44-9fa0-a5b6ec7a09ab_WhatsApp Image 2021-11-21 at 11.00.29.jpeg,1600,901,jpeg
235,2202,2021-11-21/da7935be-8809-4f74-8322-b4aaf87d567f_WhatsApp Image 2021-11-21 at 10.59.28.jpeg,1600,901,jpeg
239,2478,2021-11-21/3b0b4b49-a484-4dba-bb59-9df74a370542_WhatsApp Image 2021-11-21 at 10.58.20.jpeg,1600,901,jpeg
240,2478,2021-11-21/3d7567a9-5fba-4b48-951f-fc8d04ac3c3b_WhatsApp Image 2021-11-21 at 10.58.39.jpeg,1600,901,jpeg
246,5229,2021-11-21/5de1e01e-0416-4a11-aff1-c736efc3280c_WhatsApp Image 2021-11-21 at 10.56.31.jpeg,1600,901,jpeg
237,2478,2021-11-21/da0f8d1e-1621-4210-ae7f-8dbe74b3880d_WhatsApp Image 2021-11-21 at 11.00.29.jpeg,1600,901,jpeg
243,5234,2021-11-21/6e3ce9cb-937d-487a-9ae4-3a2db418c9ab_WhatsApp Image 2021-11-21 at 10.57.18.jpeg,1600,901,jpeg
247,6237,2021-11-21/d0dadd7f-46f6-4096-bc04-342c417112d4_WhatsApp Image 2021-11-21 at 10.55.21.jpeg,1600,901,jpeg
248,6237,2021-11-21/5e1e3ad0-ca7a-40f4-be7a-005878be40e6_WhatsApp Image 2021-11-21 at 10.55.28.jpeg,1600,901,jpeg
249,6237,2021-11-21/73d1c1f8-22a3-4e11-8b55-08eec99dad5d_WhatsApp Image 2021-11-21 at 10.55.38.jpeg,1600,901,jpeg
250,6991,2021-11-21/53a50cb2-acf5-4453-b0a7-b0ddf4ef7cf9_WhatsApp Image 2021-11-21 at 10.54.16.jpeg,1600,901,jpeg
251,6991,2021-11-21/2c78369d-118a-4ea5-9ac9-1321f30a8222_WhatsApp Image 2021-11-21 at 10.54.21.jpeg,1600,901,jpeg
252,6991,2021-11-21/cc1d174c-126c-4e4d-a99c-b5457bba0669_WhatsApp Image 2021-11-21 at 10.54.28.jpeg,1600,901,jpeg
253,1289,2021-11-21/59f32544-13a8-49c3-a6c0-f3b7d4a41de3_WhatsApp Image 2021-11-21 at 10.53.01.jpeg,1600,901,jpeg
254,1289,2021-11-21/4e01a716-f5e2-4078-8d53-2222f82960e7_WhatsApp Image 2021-11-21 at 10.52.55.jpeg,1600,901,jpeg
255,1289,2021-11-21/04498ccd-cd82-484c-8121-a276d66f3db4_WhatsApp Image 2021-11-21 at 10.52.46.jpeg,1600,901,jpeg
256,4416,2021-11-21/2f02fa5b-a07f-4e92-abb9-4d5564403207_WhatsApp Image 2021-11-21 at 10.51.41.jpeg,1600,901,jpeg
257,4416,2021-11-21/311cd399-b4f4-417b-8a70-1382d96f71e6_WhatsApp Image 2021-11-21 at 10.51.59.jpeg,1600,901,jpeg
258,4416,2021-11-21/596d1b08-7800-41e3-8c58-8a5a1afb6721_WhatsApp Image 2021-11-21 at 10.51.50.jpeg,1600,901,jpeg
259,1109,2021-11-21/03bd7b6b-830c-44d2-a872-66309c4ec866_WhatsApp Image 2021-11-21 at 10.50.49 (1).jpeg,1600,901,jpeg
260,1109,2021-11-21/dd91228a-495d-44d3-8846-cd7b45274edb_WhatsApp Image 2021-11-21 at 10.50.49.jpeg,1600,901,jpeg
261,1109,2021-11-21/29ccc0ad-68c7-4abf-9585-e9505ecf972b_WhatsApp Image 2021-11-21 at 10.50.52.jpeg,1600,901,jpeg
262,2376,2021-11-21/fe131fb8-cb2a-490c-9b1c-663422200bba_WhatsApp Image 2021-11-21 at 10.49.52.jpeg,1600,901,jpeg
263,2376,2021-11-21/c7b4c5ba-b588-4663-9699-ee7439b5faf8_WhatsApp Image 2021-11-21 at 10.50.47.jpeg,1600,901,jpeg
264,2376,2021-11-21/2dded35d-a3c8-4061-be5d-cd29e691f390_WhatsApp Image 2021-11-21 at 10.50.48.jpeg,1600,901,jpeg
265,2749,2021-11-21/d88776b6-1420-4383-a418-e2d78eef4bca_WhatsApp Image 2021-11-21 at 10.47.56.jpeg,1600,901,jpeg
266,2749,2021-11-21/30196da4-52d7-4f21-8d18-827f7e518c5c_WhatsApp Image 2021-11-21 at 10.48.05.jpeg,1600,901,jpeg
267,2749,2021-11-21/01ea99dd-7178-47a2-93b9-c8dd08a677f9_WhatsApp Image 2021-11-21 at 10.48.12.jpeg,1600,901,jpeg
268,2101,2021-11-21/888b261d-9064-4427-a57f-4a315c02bbf2_WhatsApp Image 2021-11-21 at 10.46.59 (1).jpeg,1600,901,jpeg
269,2101,2021-11-21/2636e71e-dfb7-4e75-9ec5-6bd7feeae5eb_WhatsApp Image 2021-11-21 at 10.47.05 (1).jpeg,1600,901,jpeg
270,2101,2021-11-21/817395cc-47ae-4d8a-8601-fb41c518fc83_WhatsApp Image 2021-11-21 at 10.47.11.jpeg,1600,901,jpeg
271,1492,2021-11-21/743c1608-f597-4bf2-a1ba-bee3b53de429_WhatsApp Image 2021-11-21 at 10.43.40.jpeg,1600,901,jpeg
272,1492,2021-11-21/0b8fd786-736a-4b1c-9e6c-4e4adab5d708_WhatsApp Image 2021-11-21 at 10.43.50.jpeg,1600,901,jpeg
273,1492,2021-11-21/fc316030-4c2f-4bf3-84d9-e95435572beb_WhatsApp Image 2021-11-21 at 10.44.08.jpeg,1600,901,jpeg
274,7162,2021-11-21/35833c7c-8b81-40ec-af7e-6f28c4fa87ce_WhatsApp Image 2021-11-21 at 10.42.29.jpeg,1600,901,jpeg
275,7162,2021-11-21/913d7610-98c5-4b13-9bee-51fbdbf0e3c4_WhatsApp Image 2021-11-21 at 10.42.37.jpeg,1600,901,jpeg
276,7162,2021-11-21/752ecc60-9c78-47e1-b521-3cdd571ed961_WhatsApp Image 2021-11-21 at 10.42.51.jpeg,1600,901,jpeg
277,7752,2021-11-21/2a5810d3-4335-4b14-a01d-f5dd4b875418_WhatsApp Image 2021-11-21 at 10.41.05.jpeg,1600,901,jpeg
278,7752,2021-11-21/9dbefa2d-e3d7-4f24-b7ff-b5ba832baaa7_WhatsApp Image 2021-11-21 at 10.41.15.jpeg,1600,901,jpeg
279,7752,2021-11-21/cae75545-0613-4a2f-ad96-5e97923dc9ce_WhatsApp Image 2021-11-21 at 10.41.32.jpeg,1600,901,jpeg
280,9892,2021-11-21/88cec5a8-1856-4b6c-b01c-adcb8d3abf2d_WhatsApp Image 2021-11-21 at 10.37.36.jpeg,1600,901,jpeg
281,9892,2021-11-21/e6d80504-a3d5-4a79-b463-b8763f3b8fb9_WhatsApp Image 2021-11-21 at 10.37.43.jpeg,1600,901,jpeg
282,9892,2021-11-21/7d775d7b-2d9d-4c45-bad6-10741c1a1a25_WhatsApp Image 2021-11-21 at 10.37.54.jpeg,1600,901,jpeg
283,463,2021-11-21/a34a4a6c-1cf1-4138-b0c5-180549ca95e1_WhatsApp Image 2021-11-21 at 10.36.58.jpeg,1600,901,jpeg
284,463,2021-11-21/4d2ff902-7f76-430e-8edd-c8011f95b9bc_WhatsApp Image 2021-11-21 at 10.37.05.jpeg,1600,901,jpeg
285,463,2021-11-21/c5b6a709-96af-4267-bdf0-71c76a09be0a_WhatsApp Image 2021-11-21 at 10.37.18.jpeg,1600,901,jpeg
286,9540,2021-11-21/a93a5e24-5a67-40db-918f-b089d2727789_WhatsApp Image 2021-11-21 at 10.34.03.jpeg,1600,901,jpeg
287,9540,2021-11-21/abdb4b9b-bf7f-4e85-a718-d95c38b957a2_WhatsApp Image 2021-11-21 at 10.34.25.jpeg,1600,901,jpeg
288,9540,2021-11-21/9ecf625e-97ad-4167-8082-4d266dc8f755_WhatsApp Image 2021-11-21 at 10.34.09.jpeg,1600,901,jpeg
289,1449,2021-11-21/9e278ba7-1d2d-4981-b5f0-1387ef719d25_WhatsApp Image 2021-11-21 at 10.33.25.jpeg,1600,901,jpeg
290,1449,2021-11-21/7659c679-7c85-4e8c-96fc-fc3adf8c3bb8_WhatsApp Image 2021-11-21 at 10.33.30.jpeg,1600,901,jpeg
295,2341,2021-11-21/2db80b07-3a6d-4935-ad54-14010a3685f3_WhatsApp Image 2021-11-21 at 10.31.59.jpeg,1600,901,jpeg
296,2341,2021-11-21/07d5dceb-ba5c-4f64-9a6c-2e3b22bf304e_WhatsApp Image 2021-11-21 at 10.32.06.jpeg,1600,901,jpeg
298,1215,2021-11-21/10fd6674-a18b-42eb-951f-9d796666f241_WhatsApp Image 2021-11-21 at 10.31.03.jpeg,1600,901,jpeg
311,8585,2021-11-21/92ab86fa-6403-46e3-bd56-8ab033b8bcac_WhatsApp Image 2021-11-21 at 10.25.11.jpeg,1600,901,jpeg
314,4766,2021-11-21/5593461c-0189-446a-af3b-6205beb196b8_WhatsApp Image 2021-11-21 at 10.24.18.jpeg,1600,901,jpeg
319,1377,2021-11-21/fc4bef71-549a-467f-ad41-cc1ae875c3e9_WhatsApp Image 2021-11-21 at 10.22.11.jpeg,1600,901,jpeg
291,1449,2021-11-21/14055600-cdaf-4dfa-8b58-0c950442b732_WhatsApp Image 2021-11-21 at 10.33.46.jpeg,1600,901,jpeg
303,2381,2021-11-21/4e6ef2b2-438b-49dc-ac7e-649c1de40a70_WhatsApp Image 2021-11-21 at 10.30.19.jpeg,1600,901,jpeg
306,5742,2021-11-21/1b1196a8-d289-4c69-89cc-7971ca171281_WhatsApp Image 2021-11-21 at 10.29.36.jpeg,1600,901,jpeg
310,8585,2021-11-21/f6b0a8ca-f830-43c8-8dfc-a17c0bf797ac_WhatsApp Image 2021-11-21 at 10.25.06.jpeg,1600,901,jpeg
312,8585,2021-11-21/ac278566-f04b-46f3-a7c8-b153dbd4ba2f_WhatsApp Image 2021-11-21 at 10.25.19.jpeg,1600,901,jpeg
320,1377,2021-11-21/c90cf18c-d52e-4435-9b04-46701284899f_WhatsApp Image 2021-11-21 at 10.22.17.jpeg,1600,901,jpeg
292,7906,2021-11-21/290ae82d-1155-46f4-8c0e-bc916f50e0a2_WhatsApp Image 2021-11-21 at 10.32.39.jpeg,1600,901,jpeg
315,4766,2021-11-21/429d0405-d53e-48f9-8190-0415c0e77664_WhatsApp Image 2021-11-21 at 10.24.24.jpeg,1600,901,jpeg
317,822,2021-11-21/3705dd4a-ad9d-4164-8cec-b97878e5782c_WhatsApp Image 2021-11-21 at 10.23.21.jpeg,1600,901,jpeg
293,7906,2021-11-21/a35b2926-eb98-4934-bd8e-98c68ce5395f_WhatsApp Image 2021-11-21 at 10.32.44.jpeg,1600,901,jpeg
294,7906,2021-11-21/5c2328c4-58c6-436d-bf14-38e24add3d67_WhatsApp Image 2021-11-21 at 10.32.56.jpeg,1600,901,jpeg
297,2341,2021-11-21/638274b2-1bde-4770-8945-2afa8071590a_WhatsApp Image 2021-11-21 at 10.32.18.jpeg,1600,901,jpeg
299,1215,2021-11-21/fda6d2c0-2963-4897-9d4d-b300b634665f_WhatsApp Image 2021-11-21 at 10.31.10.jpeg,1600,901,jpeg
300,1215,2021-11-21/d258d004-01a6-4f36-beea-4a41d69a3bf2_WhatsApp Image 2021-11-21 at 10.31.23.jpeg,1600,901,jpeg
301,2381,2021-11-21/d87a27e2-2cd7-4dd4-9d0d-fb10d32254e1_WhatsApp Image 2021-11-21 at 10.29.59.jpeg,1600,901,jpeg
302,2381,2021-11-21/e777e4c7-cbbe-4966-a63b-ce42bd8db41e_WhatsApp Image 2021-11-21 at 10.30.07.jpeg,1600,901,jpeg
304,5742,2021-11-21/ac33184d-d37e-44ed-893e-842c05c2ba46_WhatsApp Image 2021-11-21 at 10.29.17.jpeg,1600,901,jpeg
305,5742,2021-11-21/1c1b38c4-cf70-4cd8-bc4b-0600a142d880_WhatsApp Image 2021-11-21 at 10.29.25.jpeg,1600,901,jpeg
307,1368,2021-11-21/6216c3e3-a22e-421b-88dc-08aa06de0368_WhatsApp Image 2021-11-21 at 10.27.40.jpeg,1600,901,jpeg
308,1368,2021-11-21/36415236-25d6-4344-808b-390667420016_WhatsApp Image 2021-11-21 at 10.28.00.jpeg,1600,901,jpeg
309,1368,2021-11-21/25f81d19-3d01-49d5-a219-115d85c7c98f_WhatsApp Image 2021-11-21 at 10.27.46.jpeg,1600,901,jpeg
313,4766,2021-11-21/28c8a7e5-6f7c-4a1d-b9c5-4a167bb4dcf9_WhatsApp Image 2021-11-21 at 10.24.11.jpeg,1600,901,jpeg
316,822,2021-11-21/cd61c007-35b4-4ef1-b63a-f70d2ae25c49_WhatsApp Image 2021-11-21 at 10.23.13.jpeg,1600,901,jpeg
318,822,2021-11-21/17e77359-6f74-43fd-bf4b-3a418c8bb44d_WhatsApp Image 2021-11-21 at 10.23.28.jpeg,1600,901,jpeg
321,1377,2021-11-21/6bcd9146-94db-40aa-8aaf-0e95c7819813_WhatsApp Image 2021-11-21 at 10.22.21.jpeg,1600,901,jpeg
322,625,2021-11-21/427875af-a0ec-4728-bc18-09f797600307_WhatsApp Image 2021-11-21 at 10.21.11.jpeg,1600,901,jpeg
323,625,2021-11-21/a848635f-667f-4d7c-8388-8a804666c62a_WhatsApp Image 2021-11-21 at 10.21.16.jpeg,1600,901,jpeg
324,625,2021-11-21/0f419621-767d-45d1-b40f-b3e4a00b1235_WhatsApp Image 2021-11-21 at 10.21.22.jpeg,1600,901,jpeg
325,10429,2021-11-21/6a3639dd-a1f4-45b9-b41d-780a312ba875_WhatsApp Image 2021-11-21 at 10.20.19.jpeg,1600,901,jpeg
326,10429,2021-11-21/81f0ec7d-45d2-45ca-8c67-103a36eeb0da_WhatsApp Image 2021-11-21 at 10.20.25.jpeg,1600,901,jpeg
327,10429,2021-11-21/bf1f9cf7-7e10-4a8d-902a-a7cfe2db5f86_WhatsApp Image 2021-11-21 at 10.20.33.jpeg,1600,901,jpeg
328,907,2021-11-21/69ed40ef-76b6-4fc8-8902-7cf52412879f_WhatsApp Image 2021-11-21 at 10.18.36.jpeg,1600,901,jpeg
329,907,2021-11-21/22a4f080-4c00-4340-aa6e-a9cfb01607fa_WhatsApp Image 2021-11-21 at 10.18.42.jpeg,1600,901,jpeg
330,907,2021-11-21/e6427d9e-64d6-4bda-86f5-2abc8767ee76_WhatsApp Image 2021-11-21 at 10.18.47.jpeg,1600,901,jpeg
331,8416,2021-11-21/1b5981ad-c930-4327-a14b-92268bbf2f1c_WhatsApp Image 2021-11-21 at 10.17.34.jpeg,1600,901,jpeg
332,8416,2021-11-21/84c7f411-e9a8-4f9f-bdf1-5fba33d04c04_WhatsApp Image 2021-11-21 at 10.17.40.jpeg,1600,901,jpeg
333,8416,2021-11-21/754ab8e6-ea9b-47b7-9c7a-75d5adf1efad_WhatsApp Image 2021-11-21 at 10.17.51.jpeg,1600,901,jpeg
334,8180,2021-11-22/96254db7-7b50-4585-9108-49ff9713d969_WhatsApp Image 2021-11-21 at 10.42.29.jpeg,1600,901,jpeg
335,8180,2021-11-22/d1178a49-2d7f-413e-80a5-d56e10e61769_WhatsApp Image 2021-11-21 at 10.42.37.jpeg,1600,901,jpeg
336,8180,2021-11-22/b4f6a3c2-3ce4-4e64-90bf-f6d4e228bc26_WhatsApp Image 2021-11-21 at 10.42.51.jpeg,1600,901,jpeg
337,2197,2021-11-22/c972d335-d557-49f2-934b-664caa97df84_WhatsApp Image 2021-11-21 at 10.14.35.jpeg,1600,901,jpeg
338,2197,2021-11-22/4d7d479b-45b1-483b-8701-e24e6fd792da_WhatsApp Image 2021-11-21 at 10.15.07.jpeg,1600,901,jpeg
339,2197,2021-11-22/7d0df0e1-d799-42a1-8e8a-52167f7f2b66_WhatsApp Image 2021-11-21 at 10.15.15 (1).jpeg,1600,901,jpeg
340,382,2021-11-22/7efe4222-5eb9-42fd-9aef-14f33d94ff6d_WhatsApp Image 2021-11-21 at 10.10.56.jpeg,1600,901,jpeg
341,382,2021-11-22/01e01b29-ca7b-4730-b3e6-9b00864be3f1_WhatsApp Image 2021-11-21 at 10.10.47.jpeg,1600,901,jpeg
342,382,2021-11-22/5fdaee4c-11d4-4a0d-8783-432a4550d0f8_WhatsApp Image 2021-11-21 at 10.10.35.jpeg,1600,901,jpeg
343,1957,2021-11-22/842c4ff8-3bae-40f8-ac1b-264ef93a89fa_WhatsApp Image 2021-11-21 at 10.06.19.jpeg,1600,901,jpeg
344,1957,2021-11-22/1ecb5f79-edd4-404c-9577-84d31f5ec3a4_WhatsApp Image 2021-11-21 at 10.06.28.jpeg,1600,901,jpeg
345,1957,2021-11-22/8878c146-a43b-433c-9482-9a83a5e59f77_WhatsApp Image 2021-11-21 at 10.06.35.jpeg,1600,901,jpeg
346,10586,2021-11-22/bba00d93-14fd-44f4-aeed-0dc471a817e7_WhatsApp Image 2021-11-22 at 11.11.05.jpeg,1280,720,jpeg
347,10586,2021-11-22/354d7649-31db-4b22-ba3d-a914826bf7fd_WhatsApp Image 2021-11-22 at 11.11.12.jpeg,1280,720,jpeg
348,10586,2021-11-22/bc3e1bd3-d36d-4df8-911e-f1796d6e4b10_WhatsApp Image 2021-11-22 at 11.11.19.jpeg,1280,720,jpeg
349,2583,2021-11-22/3059e026-94dd-475c-8ff6-949badf60f06_WhatsApp Image 2021-11-22 at 11.10.17.jpeg,1280,720,jpeg
350,2583,2021-11-22/94ecda9a-9c83-42e5-9da9-3b46c2ae4d79_WhatsApp Image 2021-11-22 at 11.10.32.jpeg,1280,720,jpeg
351,2583,2021-11-22/7f0d3605-3363-4ede-ae53-54e1141083ad_WhatsApp Image 2021-11-22 at 11.10.43.jpeg,1280,720,jpeg
352,5925,2021-11-23/b8abd049-6f47-4a8d-8573-ab7329bf6650_WhatsApp Image 2021-11-23 at 15.51.27.jpeg,1600,901,jpeg
353,5925,2021-11-23/f3797994-795d-4332-b805-b6a7a5b5b82a_WhatsApp Image 2021-11-23 at 15.51.35.jpeg,1600,901,jpeg
354,5925,2021-11-23/273a695e-9e9a-4de7-96b8-a0faeac56104_WhatsApp Image 2021-11-23 at 15.51.15.jpeg,1600,901,jpeg
355,4310,2021-11-23/cdf25a67-d534-4ab1-ae4a-a630a8dd1759_WhatsApp Image 2021-11-23 at 15.49.16.jpeg,1600,901,jpeg
356,4310,2021-11-23/4dfeac9a-c622-4169-9f8c-77516ff1ee71_WhatsApp Image 2021-11-23 at 15.49.32.jpeg,1600,901,jpeg
357,4310,2021-11-23/3e7448d9-97d8-44a9-a737-0b0c2ac7b1b4_WhatsApp Image 2021-11-23 at 15.49.24.jpeg,1600,901,jpeg
358,8914,2021-11-23/a954fd0a-451b-458f-86d6-00131dbbb248_WhatsApp Image 2021-11-23 at 15.51.15.jpeg,1600,901,jpeg
359,8914,2021-11-23/eecd74b2-079f-4583-a3c9-f0d16ddc9279_WhatsApp Image 2021-11-23 at 14.46.06.jpeg,1600,901,jpeg
360,8914,2021-11-23/81d02b5b-9cc1-498c-9a7e-51454c60b0e8_WhatsApp Image 2021-11-23 at 14.46.17.jpeg,1600,901,jpeg
361,8914,2021-11-23/2a494ab1-e29a-4385-8dff-0e0fdd64d4d4_WhatsApp Image 2021-11-23 at 14.46.28.jpeg,1600,901,jpeg
362,4556,2021-11-23/c782869a-905d-4ca0-99db-ca3a06779c30_WhatsApp Image 2021-11-23 at 14.04.50.jpeg,1600,901,jpeg
363,4556,2021-11-23/17723ae8-c9c8-4d1b-9796-7aaffdd39440_WhatsApp Image 2021-11-23 at 14.05.00.jpeg,1600,901,jpeg
364,4556,2021-11-23/9bd1e9eb-6cbb-4803-9876-91552795a6d1_WhatsApp Image 2021-11-23 at 17.48.52.jpeg,1334,750,jpeg
365,4921,2021-11-23/e4704f69-77ae-460b-9e5b-7c7661ca698c_WhatsApp Image 2021-11-23 at 13.33.01.jpeg,1600,901,jpeg
366,4921,2021-11-23/00a1665f-5f00-4cdb-81c2-a3a0f1de82af_WhatsApp Image 2021-11-23 at 13.33.27.jpeg,1600,901,jpeg
367,4921,2021-11-23/ef03ecd3-366f-4fe4-95d2-d6eae6ca3236_WhatsApp Image 2021-11-23 at 13.33.01.jpeg,1600,901,jpeg
368,4921,2021-11-23/2a32aec5-599c-4f39-9638-97b94f136bf7_WhatsApp Image 2021-11-23 at 13.33.45.jpeg,1600,901,jpeg
369,7205,2021-11-23/5329c476-1dc0-4405-b9df-65f734b13a82_WhatsApp Image 2021-11-21 at 10.02.47.jpeg,1600,901,jpeg
370,7205,2021-11-23/7e86910e-4cd2-4f6b-9273-34f2fa2ec122_WhatsApp Image 2021-11-21 at 10.02.59 (2).jpeg,1600,901,jpeg
371,7205,2021-11-23/b0a3e8d3-ca31-44da-b29e-fa83a8066930_WhatsApp Image 2021-11-21 at 10.03.09 (2).jpeg,1600,901,jpeg
372,9720,2021-11-23/63cd3382-620b-4e65-b4c6-05a2bc281931_WhatsApp Image 2021-11-16 at 17.33.55 (1).jpeg,1600,900,jpeg
373,9720,2021-11-23/37e17db6-7b71-4241-bd7d-6b6244049d8e_WhatsApp Image 2021-11-16 at 17.34.07.jpeg,1600,900,jpeg
374,9720,2021-11-23/95c12432-ee69-4e60-b31e-d7d6d136b55d_WhatsApp Image 2021-11-16 at 17.34.26 (1).jpeg,1600,900,jpeg
375,9723,2021-11-23/8ef4a2a6-62b2-4fe7-9b3e-fc9469fd239e_WhatsApp Image 2021-11-16 at 17.30.36.jpeg,1600,900,jpeg
376,9723,2021-11-23/c82f59fa-d1a6-4605-95bc-a5c694caf71e_WhatsApp Image 2021-11-16 at 17.30.47.jpeg,1600,900,jpeg
377,9723,2021-11-23/0d459a3f-bfd3-446c-9990-daeca8bd2bcd_WhatsApp Image 2021-11-16 at 17.33.55 (1).jpeg,1600,900,jpeg
378,9723,2021-11-23/f47bf398-3d31-481d-bc14-d0b8b8c9bc98_WhatsApp Image 2021-11-16 at 17.31.08.jpeg,1600,900,jpeg
379,1245,2021-11-23/a670ecfe-9dbb-4b7e-a698-766be11dca0c_WhatsApp Image 2021-11-05 at 09.11.02.jpeg,1600,900,jpeg
380,1245,2021-11-23/59aff700-dc70-4e9e-b947-0158d409cd29_WhatsApp Image 2021-11-05 at 09.11.17.jpeg,1600,900,jpeg
381,1245,2021-11-23/b9174f1c-a3df-40dd-beed-7824b42899aa_WhatsApp Image 2021-11-05 at 09.11.29.jpeg,1600,900,jpeg
382,1399,2021-11-23/4fcde041-a9ba-4c5e-9f9c-8e331dfd7fb6_WhatsApp Image 2021-11-04 at 15.35.11.jpeg,1280,720,jpeg
383,1399,2021-11-23/9882a22d-1bbc-4b4b-bd20-7fe4344bd45c_WhatsApp Image 2021-11-04 at 15.35.17.jpeg,1280,720,jpeg
384,1399,2021-11-23/4cab87d0-8365-45e7-b438-15b492d350be_WhatsApp Image 2021-11-04 at 15.35.23.jpeg,1280,720,jpeg
385,10498,2021-11-24/77d9a485-44e3-476d-96d9-b406dc48aa6c_WhatsApp Image 2021-11-22 at 12.00.05.jpeg,1280,720,jpeg
386,10498,2021-11-24/20ea0d4b-a3bb-449a-a745-299fb3076c22_WhatsApp Image 2021-11-22 at 12.00.21.jpeg,1280,720,jpeg
387,10498,2021-11-24/7d5d6d6c-5bdb-46c7-8262-40fdda846eae_WhatsApp Image 2021-11-22 at 12.00.29.jpeg,1280,720,jpeg
388,712,2021-11-24/672a9182-063a-431e-9e96-8c04f5c652bd_WhatsApp Image 2021-11-18 at 12.08.30.jpeg,1280,720,jpeg
389,712,2021-11-24/90a237ff-a0a5-40c5-8094-fe3fb55e1fa9_WhatsApp Image 2021-11-18 at 12.09.57.jpeg,1280,720,jpeg
390,712,2021-11-24/eb174296-31de-4dfe-9505-e9f499c7969e_WhatsApp Image 2021-11-18 at 12.07.57.jpeg,1280,720,jpeg
391,1171,2021-11-24/7556b924-24bf-4e00-817c-ad7679e1fe37_WhatsApp Image 2021-11-11 at 16.45.02.jpeg,1280,720,jpeg
392,1171,2021-11-24/969e9cc0-ef10-496d-82ed-13741597942d_WhatsApp Image 2021-11-11 at 16.45.40.jpeg,1280,720,jpeg
393,1171,2021-11-24/7ad5e907-96eb-4e37-a659-7c2ce00a946e_WhatsApp Image 2021-11-11 at 16.45.56.jpeg,1280,720,jpeg
394,9469,2021-11-24/02fba1f0-d9e2-4e01-9254-5f9c32088c7f_WhatsApp Image 2021-11-04 at 12.42.24.jpeg,1280,720,jpeg
395,9469,2021-11-24/576b6eda-1295-4d55-a164-b1c8152c3254_WhatsApp Image 2021-11-04 at 12.42.38.jpeg,1280,720,jpeg
396,9469,2021-11-24/51727833-3d93-4704-b63a-6d9f0b720b86_WhatsApp Image 2021-11-04 at 12.42.59.jpeg,1280,720,jpeg
397,9510,2021-11-24/94355f71-3d63-44cb-bf67-8626aacba231_WhatsApp Image 2021-11-03 at 15.58.33.jpeg,1280,720,jpeg
398,9510,2021-11-24/5e0503c9-0565-42c0-b176-23f96e9e8474_WhatsApp Image 2021-11-03 at 15.58.42.jpeg,1280,720,jpeg
400,9581,2021-11-24/9743ad55-61b7-421f-ad44-335d97ff7955_WhatsApp Image 2021-11-03 at 15.57.23.jpeg,1280,720,jpeg
401,9581,2021-11-24/da8dcfc5-5133-45d3-a4f9-c1f58aecb3cd_WhatsApp Image 2021-11-03 at 15.57.35.jpeg,1280,720,jpeg
402,9581,2021-11-24/91bd95cf-f2f2-4e63-b551-8a2b408ac863_WhatsApp Image 2021-11-03 at 15.57.47.jpeg,1280,720,jpeg
399,9510,2021-11-24/1373f642-412e-4010-b7bc-850b29c3f6ee_WhatsApp Image 2021-11-03 at 15.58.49.jpeg,1280,720,jpeg
403,6956,2021-11-24/12b12e7d-abe5-4c86-856f-6357ea90c435_WhatsApp Image 2021-11-23 at 00.25.15.jpeg,1599,899,jpeg
404,6956,2021-11-24/cacbcea8-3059-4e8e-9e98-489437db13b4_WhatsApp Image 2021-11-23 at 00.25.44.jpeg,1599,899,jpeg
405,6956,2021-11-24/970bbadd-a997-40a7-8446-71f7525465aa_WhatsApp Image 2021-11-23 at 00.26.15.jpeg,1599,899,jpeg
406,1048,2021-11-24/c9ea6643-3843-4a8a-abe8-785108f146a5_WhatsApp Image 2021-11-23 at 00.27.05.jpeg,1599,899,jpeg
407,1048,2021-11-24/56c386c9-2546-44fc-90c1-7a3e8c921d5a_WhatsApp Image 2021-11-23 at 00.27.23.jpeg,1599,899,jpeg
408,1048,2021-11-24/7591bc22-9ba5-4751-94bf-69a281302c5d_WhatsApp Image 2021-11-23 at 00.27.49.jpeg,1599,899,jpeg
409,98,2021-11-24/58713a61-4036-49cf-840b-348b85d2d430_WhatsApp Image 2021-11-23 at 00.29.10.jpeg,1599,899,jpeg
410,98,2021-11-24/4aceeec5-dcd5-4566-b7e9-6f2dd757131e_WhatsApp Image 2021-11-23 at 00.29.36.jpeg,1599,899,jpeg
411,98,2021-11-24/c31ef56d-dd0f-489e-bacb-228718734bae_WhatsApp Image 2021-11-23 at 00.29.58.jpeg,1599,899,jpeg
412,1278,2021-11-24/8a64a7f4-8a6b-4b1c-af90-3ac2a7de1e8d_WhatsApp Image 2021-11-23 at 00.29.10.jpeg,1599,899,jpeg
413,1278,2021-11-24/2096cd50-98fd-432a-b31d-1531839bf3cd_WhatsApp Image 2021-11-23 at 00.30.38.jpeg,1599,899,jpeg
414,1278,2021-11-24/ae105196-b8ed-41e7-a6f1-620a84b86259_WhatsApp Image 2021-11-23 at 00.30.53.jpeg,1599,899,jpeg
415,1278,2021-11-24/a5be65f9-2992-40f5-a41f-859435c56433_WhatsApp Image 2021-11-23 at 00.31.13.jpeg,1599,899,jpeg
416,7820,2021-11-24/a7d92783-f2a9-40e2-bc83-9d6b8f300a92_WhatsApp Image 2021-11-23 at 00.32.37 (1).jpeg,1600,901,jpeg
417,7820,2021-11-24/5ebc53c8-4127-46ca-91e9-a31e938fa59a_WhatsApp Image 2021-11-23 at 00.32.37 (2).jpeg,1600,901,jpeg
418,7820,2021-11-24/b9cce0ce-269a-4dc7-81dc-1d073a395805_WhatsApp Image 2021-11-23 at 00.32.37.jpeg,1600,901,jpeg
419,9654,2021-11-24/e50f3b88-bd52-42e1-aa44-4abda8472344_WhatsApp Image 2021-11-23 at 00.34.12 (1).jpeg,1600,901,jpeg
420,9654,2021-11-24/bcb93717-605e-4c49-b169-b79aa6db8b0d_WhatsApp Image 2021-11-23 at 00.34.12.jpeg,1600,901,jpeg
421,9654,2021-11-24/c9d61b8b-281c-4aee-b526-49f2dcc23004_WhatsApp Image 2021-11-23 at 00.34.13.jpeg,1600,901,jpeg
422,7201,2021-11-24/82facdda-149b-43bc-9d68-87d11f0e9fbb_WhatsApp Image 2021-11-23 at 00.36.04.jpeg,1600,901,jpeg
423,7201,2021-11-24/286e14fc-e52f-4a36-a1a4-91001482b609_WhatsApp Image 2021-11-23 at 00.36.05 (1).jpeg,1600,901,jpeg
424,7201,2021-11-24/d0f3d0f9-acf7-4ff7-bc32-9035daea6d25_WhatsApp Image 2021-11-23 at 00.36.05.jpeg,1600,901,jpeg
425,9651,2021-11-24/a99d4910-7499-408b-b2ff-d40a66d79987_WhatsApp Image 2021-11-23 at 00.37.41 (1).jpeg,1600,901,jpeg
426,9651,2021-11-24/3e214cf2-171c-4add-90f3-dd0e0a45a0db_WhatsApp Image 2021-11-23 at 00.37.41 (2).jpeg,1600,901,jpeg
427,9651,2021-11-24/f60eead2-3e41-43e4-8bd0-ad6eeac09381_WhatsApp Image 2021-11-23 at 00.37.41.jpeg,1600,901,jpeg
428,7812,2021-11-24/cad25e7a-1e62-4ceb-8a8d-6e86a1815874_WhatsApp Image 2021-11-23 at 00.38.55 (1).jpeg,1600,901,jpeg
429,7812,2021-11-24/26537565-99e7-4dd1-9371-d184d351b52f_WhatsApp Image 2021-11-23 at 00.38.55.jpeg,1600,901,jpeg
430,7812,2021-11-24/0b0955a8-baf6-460d-b7e8-e95880a51f56_WhatsApp Image 2021-11-23 at 00.38.56.jpeg,1600,901,jpeg
431,961,2021-11-24/0490cafc-fb07-4638-a3d6-fad5419e77f1_WhatsApp Image 2021-11-23 at 00.39.54 (1).jpeg,1600,901,jpeg
432,961,2021-11-24/b864a155-c15b-4b0d-9f03-11532f88f931_WhatsApp Image 2021-11-23 at 00.39.54 (2).jpeg,1600,901,jpeg
433,961,2021-11-24/10141de6-9fd9-47f4-a1f9-1f2835ae203c_WhatsApp Image 2021-11-23 at 00.39.54.jpeg,1600,901,jpeg
434,7783,2021-11-24/0bf5e439-fbc6-49ff-8696-1ec19d0d8433_WhatsApp Image 2021-11-23 at 00.44.22 (1).jpeg,1600,901,jpeg
435,7783,2021-11-24/2e3a9d9a-3b2b-430b-b97d-78330e053307_WhatsApp Image 2021-11-23 at 00.44.22.jpeg,1600,901,jpeg
436,7783,2021-11-24/fa58aadf-c693-40a1-b4ac-1f8d44c6cc85_WhatsApp Image 2021-11-23 at 00.44.23.jpeg,1600,901,jpeg
437,7788,2021-11-24/a48e01fc-b7b1-4bff-9997-65ff1138bbd8_WhatsApp Image 2021-11-23 at 00.45.28 (1).jpeg,1600,901,jpeg
438,7788,2021-11-24/130b32d4-8d82-46d9-9656-d9fa56f7b638_WhatsApp Image 2021-11-23 at 00.45.28 (2).jpeg,1600,901,jpeg
439,7788,2021-11-24/ec0aab37-0f3c-4249-98f8-905b1a6c886a_WhatsApp Image 2021-11-23 at 00.45.28.jpeg,1600,901,jpeg
440,10331,2021-11-24/d748dcb3-1788-4a2e-b059-3e881cbac029_WhatsApp Image 2021-11-23 at 00.46.56 (1).jpeg,1600,901,jpeg
441,10331,2021-11-24/37cd56b8-0766-4e0d-9e35-ab92e6e1aaf2_WhatsApp Image 2021-11-23 at 00.46.56.jpeg,1600,901,jpeg
442,10331,2021-11-24/c94caf14-00f3-434d-bd38-504cdfed3b5b_WhatsApp Image 2021-11-23 at 00.46.57.jpeg,1600,901,jpeg
443,7778,2021-11-24/b9b19e7e-1596-4ff9-8097-44ca3e739172_WhatsApp Image 2021-11-23 at 00.48.02 (1).jpeg,1600,901,jpeg
444,7778,2021-11-24/0fc0631a-3502-443a-b24f-315f7e037c61_WhatsApp Image 2021-11-23 at 00.48.02 (2).jpeg,1600,901,jpeg
445,7778,2021-11-24/7caa8762-a05a-47f5-aa5b-09a92b54f1da_WhatsApp Image 2021-11-23 at 00.48.02.jpeg,1600,901,jpeg
446,7781,2021-11-24/53675466-fcbe-433c-b53e-366bc9601bf9_WhatsApp Image 2021-11-23 at 00.50.18 (1).jpeg,1600,901,jpeg
447,7781,2021-11-24/b0c00f55-a86b-474f-abcb-646128b10327_WhatsApp Image 2021-11-23 at 00.50.18 (2).jpeg,1600,901,jpeg
449,7801,2021-11-24/a4253d7b-4b37-4c91-937a-c304d9444796_WhatsApp Image 2021-11-23 at 00.51.27.jpeg,1600,901,jpeg
448,7781,2021-11-24/5d19034d-cf5f-40a9-bf08-096d70155c08_WhatsApp Image 2021-11-23 at 00.50.18.jpeg,1600,901,jpeg
457,7789,2021-11-24/36b0db5e-d12a-48eb-8e60-6177b0cf2f2f_WhatsApp Image 2021-11-23 at 00.53.26.jpeg,1600,901,jpeg
465,7779,2021-11-24/efb182e6-de1e-4755-a9ac-652c5e59875d_WhatsApp Image 2021-11-23 at 00.58.17 (2).jpeg,1600,901,jpeg
474,7797,2021-11-24/4cf96805-b029-4480-b8ff-838cc5fa0da6_WhatsApp Image 2021-11-23 at 01.05.04 (1).jpeg,1600,901,jpeg
482,7903,2021-11-24/9a146b60-06c1-489e-b20d-56a75e092de6_WhatsApp Image 2021-11-23 at 01.10.04 (1).jpeg,1600,901,jpeg
450,7801,2021-11-24/ceeec208-0019-4468-b446-e717a6b76ceb_WhatsApp Image 2021-11-23 at 00.51.28 (1).jpeg,1600,901,jpeg
451,7801,2021-11-24/bac8b33a-5eb0-418e-a614-1c40490a7365_WhatsApp Image 2021-11-23 at 00.51.28.jpeg,1600,901,jpeg
452,7777,2021-11-24/d1fa8fdd-5f51-4b2e-93db-746df80583f2_WhatsApp Image 2021-11-23 at 00.52.21 (1).jpeg,1600,901,jpeg
453,7777,2021-11-24/e7443972-33ee-4367-b5ff-b43de69024e9_WhatsApp Image 2021-11-23 at 00.52.21 (2).jpeg,1600,901,jpeg
454,7777,2021-11-24/489542cb-ac20-4607-91cb-e14d63679d11_WhatsApp Image 2021-11-23 at 00.52.21.jpeg,1600,901,jpeg
455,7789,2021-11-24/01aa697c-129d-444d-a57a-0f93ccc54a11_WhatsApp Image 2021-11-23 at 00.53.26 (1).jpeg,1600,901,jpeg
456,7789,2021-11-24/b1f2d504-4823-4b7c-9f09-016a2bd977bb_WhatsApp Image 2021-11-23 at 00.53.26 (2).jpeg,1600,901,jpeg
458,7800,2021-11-24/1978c697-176d-42f7-8014-3c643f66ed23_WhatsApp Image 2021-11-23 at 00.55.35 (1).jpeg,1600,901,jpeg
459,7800,2021-11-24/c6f7c87d-4eb4-42d0-bcb1-00735636dc86_WhatsApp Image 2021-11-23 at 00.55.35.jpeg,1600,901,jpeg
460,7800,2021-11-24/f2d30ff6-b325-479b-a51a-8491a10b46a1_WhatsApp Image 2021-11-23 at 00.55.36.jpeg,1600,901,jpeg
461,7787,2021-11-24/566cf5c7-d9cc-4c18-b698-a4a97e753058_WhatsApp Image 2021-11-23 at 00.57.16 (1).jpeg,1600,901,jpeg
462,7787,2021-11-24/b54fd4b0-53ae-40e7-a530-f08f5a933c3f_WhatsApp Image 2021-11-23 at 00.57.16 (2).jpeg,1600,901,jpeg
463,7787,2021-11-24/c6074cfb-74ad-4e2e-abcf-84b304fc0d6c_WhatsApp Image 2021-11-23 at 00.57.16.jpeg,1600,901,jpeg
464,7779,2021-11-24/34c4f36a-de8b-4432-a25a-a82c2c69e405_WhatsApp Image 2021-11-23 at 00.58.17 (1).jpeg,1600,901,jpeg
466,7779,2021-11-24/90b9b8ba-7762-470d-b371-963ecde2af35_WhatsApp Image 2021-11-23 at 00.58.17.jpeg,1600,901,jpeg
467,7798,2021-11-24/a8887162-25ab-40a5-8f34-12f35759880c_WhatsApp Image 2021-11-23 at 01.01.49 (1).jpeg,1600,901,jpeg
468,7798,2021-11-24/c8f88a7b-5c84-4482-aedd-e5c9db9ec529_WhatsApp Image 2021-11-23 at 01.01.49 (2).jpeg,1600,901,jpeg
469,7798,2021-11-24/2456bb3f-bc12-44c3-9c92-95ababdbdae1_WhatsApp Image 2021-11-23 at 01.01.49 (3).jpeg,1600,901,jpeg
470,7792,2021-11-24/ea2c3b9f-7bd6-4391-b49d-b37f27945b43_WhatsApp Image 2021-11-23 at 01.03.24 (1).jpeg,1600,901,jpeg
471,7792,2021-11-24/52741d65-53bb-47d5-9a2b-0f57ab481a3e_WhatsApp Image 2021-11-23 at 01.03.24 (2).jpeg,1600,901,jpeg
472,7792,2021-11-24/9fa99319-6c8b-46c3-833a-1381eab51ad9_WhatsApp Image 2021-11-23 at 01.03.24.jpeg,1600,901,jpeg
473,7797,2021-11-24/1620f873-7978-49ca-8dd8-4f13858f2a64_WhatsApp Image 2021-11-23 at 01.05.03.jpeg,1600,901,jpeg
475,7797,2021-11-24/e86a9361-85c0-4d08-a46c-ce087565cd77_WhatsApp Image 2021-11-23 at 01.05.04.jpeg,1600,901,jpeg
476,7813,2021-11-24/328406ab-1e8a-4268-a5a8-c25eed6397c5_WhatsApp Image 2021-11-23 at 01.07.39 (1).jpeg,1600,901,jpeg
477,7813,2021-11-24/62cf44e6-a7bd-4baf-90b3-7ddff01f47e9_WhatsApp Image 2021-11-23 at 01.07.39 (2).jpeg,1600,901,jpeg
478,7813,2021-11-24/c02133f0-c103-4eea-93e6-6f91e325b06c_WhatsApp Image 2021-11-23 at 01.07.39.jpeg,1600,901,jpeg
479,7795,2021-11-24/5502a3b6-d96b-4b37-a390-d6a4b51b38df_WhatsApp Image 2021-11-23 at 01.08.41 (1).jpeg,1600,901,jpeg
480,7795,2021-11-24/7e284b97-de54-4e38-acec-b0da809948fa_WhatsApp Image 2021-11-23 at 01.08.41 (2).jpeg,1600,901,jpeg
481,7795,2021-11-24/20996b1b-9e3e-4159-9709-59c066b65e43_WhatsApp Image 2021-11-23 at 01.08.41.jpeg,1600,901,jpeg
483,7903,2021-11-24/6e747593-b4d1-486f-9b9a-b4382f5a783b_WhatsApp Image 2021-11-23 at 01.10.04 (2).jpeg,1600,901,jpeg
484,7903,2021-11-24/57d513be-0ba6-43fb-b421-cfc2a9c72919_WhatsApp Image 2021-11-23 at 01.10.04.jpeg,1600,901,jpeg
485,7128,2021-11-29/e7611eb0-6970-46cc-acf5-6aa428119bff_WhatsApp Image 2021-11-29 at 16.38.50.jpeg,1600,900,jpeg
486,7128,2021-11-29/10c1c6df-144f-4d34-9890-ce25ff5f00d2_WhatsApp Image 2021-11-29 at 16.39.03.jpeg,1600,900,jpeg
487,7128,2021-11-29/7ab5f0f7-012b-4f63-86f7-5d792deba492_WhatsApp Image 2021-11-29 at 16.39.29.jpeg,1600,900,jpeg
488,10854,2021-11-29/f64fb001-85df-4b8f-a054-11200dd442cb_WhatsApp Image 2021-11-29 at 13.51.49.jpeg,1600,900,jpeg
489,10854,2021-11-29/b6021d37-0179-44b5-873b-45d8288d2f74_WhatsApp Image 2021-11-29 at 13.52.06.jpeg,1600,900,jpeg
490,10854,2021-11-29/72ce8964-0526-4950-9801-61f5069017f3_WhatsApp Image 2021-11-29 at 13.52.22.jpeg,1600,900,jpeg
491,10619,2021-11-29/7efebf91-36a8-45a8-a8fb-fd6fcfcb16a8_WhatsApp Image 2021-11-29 at 11.30.08.jpeg,1600,900,jpeg
492,10619,2021-11-29/61b68102-02ec-45f8-b6f7-be65bd019bc0_WhatsApp Image 2021-11-29 at 11.30.20.jpeg,1600,900,jpeg
493,10619,2021-11-29/ca23d1d1-4353-41e8-ad94-32bb96b65a6f_WhatsApp Image 2021-11-29 at 11.30.34.jpeg,1600,900,jpeg
494,10833,2021-11-29/e296775f-9af2-416a-a045-d94c01ef4563_WhatsApp Image 2021-11-29 at 11.28.42.jpeg,1600,900,jpeg
495,10833,2021-11-29/e551479c-0a30-4909-b30f-d2d1bbad54a2_WhatsApp Image 2021-11-29 at 11.29.13.jpeg,1600,900,jpeg
496,10833,2021-11-29/7c34aeb0-3046-460f-823a-f0d2070e30f1_WhatsApp Image 2021-11-29 at 11.28.55.jpeg,1600,900,jpeg
497,10621,2021-11-29/f4a11cb3-c7dd-4661-b60a-581a74ffe8bd_WhatsApp Image 2021-11-26 at 16.28.28.jpeg,1280,720,jpeg
498,10621,2021-11-29/f60f6be9-443f-498c-9cab-45e849ade554_WhatsApp Image 2021-11-26 at 16.28.37.jpeg,1280,720,jpeg
499,10621,2021-11-29/8de1acae-1409-48e4-ab11-4aee2199ddeb_WhatsApp Image 2021-11-26 at 16.28.51.jpeg,1280,720,jpeg
500,10742,2021-11-29/db803239-dfec-49ef-b2fd-9c92cbf787a3_WhatsApp Image 2021-11-26 at 16.27.06.jpeg,1280,720,jpeg
501,10742,2021-11-29/7c45360a-aa37-4f78-87cf-767bbdd4e07c_WhatsApp Image 2021-11-26 at 16.27.18.jpeg,1280,720,jpeg
502,10742,2021-11-29/c0f7193a-8dcb-41ab-9e60-aee925f586e4_WhatsApp Image 2021-11-26 at 16.27.41.jpeg,1280,720,jpeg
503,8886,2021-11-29/7a62c104-587e-4ffc-a0b9-bd8135cf1a76_WhatsApp Image 2021-11-25 at 16.21.50.jpeg,1280,720,jpeg
504,8886,2021-11-29/5bd4a2ef-e93e-40a8-92fc-3fb052a13f8b_WhatsApp Image 2021-11-25 at 16.22.06.jpeg,1280,720,jpeg
525,7482,2021-11-30/6db01bf7-84a1-4a5c-abad-242eee50c61c_WhatsApp Image 2021-11-29 at 15.24.30.jpeg,1600,901,jpeg
505,8886,2021-11-29/7b427e2e-09c4-42a5-a8ee-d3c9785e5768_WhatsApp Image 2021-11-25 at 16.22.53.jpeg,1280,720,jpeg
508,4745,2021-11-29/b51e3be4-408c-481d-a46c-705121b6a61a_WhatsApp Image 2021-11-24 at 15.43.28.jpeg,1280,720,jpeg
506,4745,2021-11-29/94e11bbf-0e01-4135-8195-40a921b4267f_WhatsApp Image 2021-11-24 at 15.42.50.jpeg,1280,720,jpeg
507,4745,2021-11-29/a6599c37-3884-4a6c-a982-83c8996ba451_WhatsApp Image 2021-11-24 at 15.43.13.jpeg,1280,720,jpeg
509,4666,2021-11-30/30c38c28-2992-4b0d-a0f6-5dca40c342cf_WhatsApp Image 2021-11-30 at 15.40.39.jpeg,1280,720,jpeg
510,4666,2021-11-30/13b3a707-9e15-418f-9cf5-81b7b5737491_WhatsApp Image 2021-11-30 at 15.40.39.jpeg,1280,720,jpeg
511,4666,2021-11-30/fe1c23c8-317c-4765-9ff4-4529bed35dbb_WhatsApp Image 2021-11-30 at 15.40.48.jpeg,1280,720,jpeg
512,4666,2021-11-30/30cdbc9e-d5db-4ba2-85a3-a78c9f3e6c29_WhatsApp Image 2021-11-30 at 15.41.03.jpeg,1280,720,jpeg
513,9461,2021-11-30/10370ab1-e0db-453b-9834-a3ff1dfc47ef_WhatsApp Image 2021-11-30 at 14.56.43.jpeg,1280,720,jpeg
514,9461,2021-11-30/9346dd05-a955-4af8-b689-ddf93b6f5a2b_WhatsApp Image 2021-11-30 at 14.56.52.jpeg,1280,720,jpeg
515,9461,2021-11-30/22a58e27-2984-4fab-a9ad-b081db2fdcd1_WhatsApp Image 2021-11-30 at 14.57.02.jpeg,1280,720,jpeg
516,4934,2021-11-30/aae0a1cd-39b6-42bb-88d8-c6380696b13b_WhatsApp Image 2021-11-30 at 14.54.57.jpeg,1280,720,jpeg
517,4934,2021-11-30/2e753615-9e11-4992-bdd0-481df908172c_WhatsApp Image 2021-11-30 at 14.55.12.jpeg,1280,720,jpeg
518,4934,2021-11-30/38ee42ca-c896-4844-a9e7-0303c663d704_WhatsApp Image 2021-11-30 at 14.55.22.jpeg,1280,720,jpeg
519,723,2021-11-30/e6274e6f-ffb4-41fb-a426-077181a49563_WhatsApp Image 2021-11-24 at 10.26.30.jpeg,1280,720,jpeg
520,723,2021-11-30/5dec9d8c-aff1-4197-9bf2-53572603e202_WhatsApp Image 2021-11-24 at 10.26.41 (1).jpeg,1280,720,jpeg
521,723,2021-11-30/b8ba1aef-b1c8-4716-9044-7af485cba20a_WhatsApp Image 2021-11-24 at 10.26.50 (1).jpeg,1280,720,jpeg
522,10665,2021-11-30/2994d435-fb35-4da7-97ef-69b536474fc1_WhatsApp Image 2021-11-30 at 10.45.41.jpeg,1600,900,jpeg
523,10665,2021-11-30/67751b5c-7342-4ca7-8f8e-d9cc7051dcde_WhatsApp Image 2021-11-30 at 10.45.50.jpeg,1600,900,jpeg
524,10665,2021-11-30/f7ba14a5-7dd2-4018-b210-720493ec9bc3_WhatsApp Image 2021-11-30 at 10.46.18.jpeg,1600,900,jpeg
526,7482,2021-11-30/81377a44-2c60-405a-b3b1-3d6d918bb218_WhatsApp Image 2021-11-29 at 15.24.53.jpeg,1600,901,jpeg
527,7482,2021-11-30/cf0774eb-66a5-446d-b1d5-0351ffba4cc0_WhatsApp Image 2021-11-29 at 15.25.08.jpeg,1600,901,jpeg
528,693,2021-12-05/9cab57e6-48e4-49e6-8cdc-168fe6c0015b_WhatsApp Image 2021-11-24 at 17.04.48.jpeg,1280,960,jpeg
529,693,2021-12-05/1122c395-62d4-4b67-8b73-c2c8baeab82b_WhatsApp Image 2021-11-24 at 17.04.47.jpeg,1280,960,jpeg
530,693,2021-12-05/527b36d4-0f75-47e5-843b-10932df43f5f_WhatsApp Image 2021-11-24 at 17.04.47 (1).jpeg,1280,960,jpeg
531,2273,2021-12-05/f394c459-fd06-4bd7-a010-54311e045a9c_WhatsApp Image 2021-11-24 at 17.05.30 (2).jpeg,1280,960,jpeg
532,2273,2021-12-05/5d217f19-729d-4e16-91a6-bb81852fbf7e_WhatsApp Image 2021-11-24 at 17.05.30.jpeg,1280,960,jpeg
533,2273,2021-12-05/a5f4e036-34d4-4041-b8e3-32b4c4c9cf7d_WhatsApp Image 2021-11-24 at 17.05.30 (1).jpeg,1280,960,jpeg
534,646,2021-12-05/7f08efa2-4246-4173-ac6f-cf8c0eaf960c_WhatsApp Image 2021-11-24 at 17.06.17.jpeg,1280,960,jpeg
535,646,2021-12-05/7cea2ad1-50b6-4e4a-afbf-6e00f228df19_WhatsApp Image 2021-11-24 at 17.06.16.jpeg,1280,960,jpeg
536,646,2021-12-05/6d4d9821-7524-48d2-8b6f-edb0a119907e_WhatsApp Image 2021-11-24 at 17.06.16 (1).jpeg,1280,960,jpeg
537,341,2021-12-05/4e5f3b42-e7ef-4729-aef7-da31b0d2e88d_WhatsApp Image 2021-11-24 at 17.06.54.jpeg,1280,960,jpeg
538,341,2021-12-05/1c4f50eb-9cab-4dc2-8b38-8378e34fde1e_WhatsApp Image 2021-11-24 at 17.06.53.jpeg,1280,960,jpeg
539,341,2021-12-05/b126c2ee-a8b1-4a0f-9545-0a2bff79da76_WhatsApp Image 2021-11-24 at 17.06.53 (1).jpeg,1280,960,jpeg
540,2554,2021-12-05/f1937249-4aee-428b-b511-78cc7ffe9949_WhatsApp Image 2021-11-24 at 17.07.27 (1).jpeg,1280,960,jpeg
541,2554,2021-12-05/cabd0337-fae2-4774-a6a3-e26e2bc538af_WhatsApp Image 2021-11-24 at 17.07.27.jpeg,1280,960,jpeg
542,2554,2021-12-05/54550541-0a3d-4441-a798-8592fbe023da_WhatsApp Image 2021-11-24 at 17.07.26.jpeg,1280,960,jpeg
543,4858,2021-12-05/96729517-4ae3-4758-8a41-98fd25ce35c4_WhatsApp Image 2021-11-24 at 17.08.42 (1).jpeg,1280,960,jpeg
544,4858,2021-12-05/7144ef63-8bba-4d2b-b832-8ab370593cde_WhatsApp Image 2021-11-24 at 17.08.42.jpeg,1280,960,jpeg
545,4858,2021-12-05/75343714-ce84-4149-8d32-2c0ffe1ae257_WhatsApp Image 2021-11-24 at 17.08.41.jpeg,1280,960,jpeg
546,9454,2021-12-05/4f4d1ae1-b8ed-4179-9dce-8f49ef42b6bc_WhatsApp Image 2021-11-24 at 17.09.11.jpeg,1280,960,jpeg
547,9454,2021-12-05/047e6d06-ad71-4af5-857f-776367db215c_WhatsApp Image 2021-11-24 at 17.09.10.jpeg,1280,960,jpeg
548,9454,2021-12-05/fd98a807-7561-4920-a951-760c60604d1c_WhatsApp Image 2021-11-24 at 17.09.10 (1).jpeg,1280,960,jpeg
549,1768,2021-12-05/c013a3be-137f-4003-a328-5fc70cb7f7e8_WhatsApp Image 2021-11-24 at 17.09.39 (1).jpeg,1280,960,jpeg
550,1768,2021-12-05/06b3d8fb-2aa7-4ce5-9495-7307ea2473d5_WhatsApp Image 2021-11-24 at 17.09.38.jpeg,1280,960,jpeg
551,1768,2021-12-05/ca2176b2-c7c7-414f-b981-8cc23e1f7472_WhatsApp Image 2021-11-24 at 17.09.39.jpeg,1280,960,jpeg
552,8386,2021-12-05/46eb2358-5d89-49ab-8cad-e53f5504aacc_WhatsApp Image 2021-11-24 at 17.10.42.jpeg,1280,960,jpeg
553,8386,2021-12-05/948164dc-5541-4531-89c2-72a5eebed255_WhatsApp Image 2021-11-24 at 17.10.41.jpeg,1280,960,jpeg
554,8386,2021-12-05/683476bc-dedb-4723-93e2-5f0393e57284_WhatsApp Image 2021-11-24 at 17.10.41 (1).jpeg,1280,960,jpeg
556,7520,2021-12-05/76ffd349-b765-429c-9208-bb0f472a8e45_WhatsApp Image 2021-11-24 at 17.11.42.jpeg,1280,960,jpeg
557,7520,2021-12-05/7b289648-8302-4f02-88bb-8ad0ffaa1070_WhatsApp Image 2021-11-24 at 17.11.41.jpeg,1280,960,jpeg
558,768,2021-12-05/71aa3548-a831-44b2-85b9-286d87bb6f3d_WhatsApp Image 2021-11-24 at 17.13.04 (1).jpeg,1280,960,jpeg
560,768,2021-12-05/c20a61ef-34d1-4ef6-80c9-a052086be478_WhatsApp Image 2021-11-24 at 17.13.03.jpeg,1280,960,jpeg
562,1243,2021-12-05/8dada216-7cf4-449b-a112-f97b13777e16_WhatsApp Image 2021-11-24 at 17.15.03 (1).jpeg,1280,960,jpeg
564,10445,2021-12-05/2fe0ddf0-5ee2-42c1-9455-486a847ca399_WhatsApp Image 2021-11-24 at 17.16.21 (2).jpeg,1280,960,jpeg
566,10445,2021-12-05/f9e67510-280d-4553-bdd8-9240c06ee222_WhatsApp Image 2021-11-24 at 17.16.21 (1).jpeg,1280,960,jpeg
569,698,2021-12-05/d0f1eb7f-08d2-40d7-af98-d2b0cfaef753_WhatsApp Image 2021-11-24 at 17.16.53.jpeg,1280,960,jpeg
570,2748,2021-12-05/54a067ac-980b-47b5-91e1-0a03d9dd85fe_WhatsApp Image 2021-11-25 at 12.14.00 (1).jpeg,1280,960,jpeg
571,2748,2021-12-05/60cd0162-b693-48b7-be96-68b5a6b366c6_WhatsApp Image 2021-11-25 at 12.14.00.jpeg,1280,960,jpeg
574,1614,2021-12-05/8a100e6b-fafd-44b1-96d8-28599607aba8_WhatsApp Image 2021-11-25 at 12.14.35.jpeg,1280,960,jpeg
575,1614,2021-12-05/cd2a1967-0912-4c5d-b574-7a503d1e24d9_WhatsApp Image 2021-11-25 at 12.14.36.jpeg,1280,960,jpeg
576,7650,2021-12-05/35150cf5-8c4c-45aa-98e7-9e6ab897ac05_WhatsApp Image 2021-11-25 at 12.15.13.jpeg,1280,960,jpeg
577,7650,2021-12-05/1929826e-4894-43bd-9f22-34f82ae5b186_WhatsApp Image 2021-11-25 at 12.15.12.jpeg,1280,960,jpeg
578,7650,2021-12-05/a6cdd972-6c7d-42a9-99b1-37bf3dd38fc6_WhatsApp Image 2021-11-25 at 12.15.12 (1).jpeg,1280,960,jpeg
579,7240,2021-12-05/15f08f82-15c3-407d-86eb-ba04e8ff699d_WhatsApp Image 2021-11-25 at 12.15.40.jpeg,1280,960,jpeg
581,7240,2021-12-05/47f27a01-079c-4293-b1af-3f7bee3ec9d1_WhatsApp Image 2021-11-25 at 12.15.39 (1).jpeg,1280,960,jpeg
555,7520,2021-12-05/05d319d5-6353-480f-bb16-aefc481963eb_WhatsApp Image 2021-11-24 at 17.11.42 (1).jpeg,1280,960,jpeg
559,768,2021-12-05/e489cc68-8681-4446-ab0d-880fb89482fc_WhatsApp Image 2021-11-24 at 17.13.04.jpeg,1280,960,jpeg
561,1243,2021-12-05/a056d09f-5536-4711-a682-04ab6228dcf1_WhatsApp Image 2021-11-24 at 17.15.02.jpeg,1280,960,jpeg
563,1243,2021-12-05/41ffa9f2-6d6f-4aa9-9b0d-0ed4d0202613_WhatsApp Image 2021-11-24 at 17.15.03.jpeg,1280,960,jpeg
565,10445,2021-12-05/2f945d25-0615-4f6a-b6b0-8f7604d4d184_WhatsApp Image 2021-11-24 at 17.16.21.jpeg,1280,960,jpeg
567,698,2021-12-05/f940fcec-4d11-43c4-8e7b-1afa23861ceb_WhatsApp Image 2021-11-24 at 17.16.54 (1).jpeg,1280,960,jpeg
568,698,2021-12-05/010033e9-bc8a-4486-9527-b35055ba8338_WhatsApp Image 2021-11-24 at 17.16.54.jpeg,1280,960,jpeg
572,2748,2021-12-05/dfa8705c-5fc2-497b-af33-ec94d6960744_WhatsApp Image 2021-11-25 at 12.13.57.jpeg,1280,960,jpeg
573,1614,2021-12-05/555fb3e7-8ba8-4e08-b430-8c77cfed11c3_WhatsApp Image 2021-11-25 at 12.14.36 (1).jpeg,1280,960,jpeg
580,7240,2021-12-05/20964d31-ce4f-4332-a026-3718e0cd8636_WhatsApp Image 2021-11-25 at 12.15.39.jpeg,1280,960,jpeg
582,8250,2021-12-05/27b2ee16-feae-4a42-99b2-9f07ed5c7514_WhatsApp Image 2021-11-25 at 12.16.10 (1).jpeg,1280,960,jpeg
583,8250,2021-12-05/db9b0900-5fdf-470b-9f63-c407829e4be3_WhatsApp Image 2021-11-25 at 12.16.10.jpeg,1280,960,jpeg
584,8250,2021-12-05/cdfc83e9-398f-4384-aff3-f411449f0365_WhatsApp Image 2021-11-25 at 12.16.09.jpeg,1280,960,jpeg
585,6337,2021-12-05/53cd5245-ca18-4c88-ab34-c8665c126314_WhatsApp Image 2021-11-25 at 12.16.45 (1).jpeg,1280,960,jpeg
586,6337,2021-12-05/144982ef-7540-46d3-aa83-a72b0dd0b1a3_WhatsApp Image 2021-11-25 at 12.16.44.jpeg,1280,960,jpeg
587,6337,2021-12-05/0ca7b0e7-cd6a-4882-88b0-27a96b401a3a_WhatsApp Image 2021-11-25 at 12.16.45.jpeg,1280,960,jpeg
588,10511,2021-12-05/feb9288e-d72f-4468-bbb9-2c01cf673cb2_WhatsApp Image 2021-11-25 at 12.19.00.jpeg,1280,960,jpeg
589,10511,2021-12-05/2c506be7-c705-464f-b6d3-106253848cb8_WhatsApp Image 2021-11-25 at 12.19.00 (1).jpeg,1280,960,jpeg
590,10511,2021-12-05/375e8c64-b3fa-4ebf-aa45-e5859c440dbb_WhatsApp Image 2021-11-25 at 12.18.36.jpeg,1280,960,jpeg
591,7741,2021-12-05/5e7ca99e-c50e-433d-b907-c9fc46e52209_WhatsApp Image 2021-11-25 at 12.19.08.jpeg,1280,960,jpeg
592,7741,2021-12-05/6b938b8f-4870-47d2-9ad8-13a9e9ef619d_WhatsApp Image 2021-11-25 at 12.19.07.jpeg,1280,960,jpeg
593,7741,2021-12-05/f475c2ff-eebc-4ce8-b833-fc062a40c363_WhatsApp Image 2021-11-25 at 12.19.07 (1).jpeg,1280,960,jpeg
594,9480,2021-12-05/306afd42-96f7-452f-b34e-10bbb76bd067_WhatsApp Image 2021-11-25 at 12.19.39.jpeg,1280,960,jpeg
595,9480,2021-12-05/ee82e778-63cd-4d44-bd9f-09d06fdaf86f_WhatsApp Image 2021-11-25 at 12.19.38.jpeg,1280,960,jpeg
596,9480,2021-12-05/46685063-fafa-42c1-980e-2425964b1ee4_WhatsApp Image 2021-11-25 at 12.19.37.jpeg,1280,960,jpeg
597,6347,2021-12-05/4e2515f3-0794-4c10-8343-69f858e4cd79_WhatsApp Image 2021-11-25 at 18.42.59.jpeg,1600,1200,jpeg
598,6347,2021-12-05/70fc0f7e-a536-4362-beb3-13e85d325b72_WhatsApp Image 2021-11-25 at 18.42.58.jpeg,1600,1200,jpeg
599,6347,2021-12-05/770ba41f-c4b2-4d1f-a94e-4d835b81c5f2_WhatsApp Image 2021-11-25 at 18.42.58 (1).jpeg,1600,1200,jpeg
600,10695,2021-12-05/867e1997-fd15-47e4-8063-b32278782b10_WhatsApp Image 2021-11-25 at 18.44.02 (1).jpeg,1600,1200,jpeg
601,10695,2021-12-05/9d27efcc-1f24-4977-b925-f570923fe963_WhatsApp Image 2021-11-25 at 18.44.02.jpeg,1600,1200,jpeg
602,10695,2021-12-05/29c6cc25-a71f-462f-8a80-8952d816cbba_WhatsApp Image 2021-11-25 at 18.44.01.jpeg,1600,1200,jpeg
603,6810,2021-12-05/af105b5a-365d-447a-8ff3-210e20b5be36_WhatsApp Image 2021-11-25 at 18.44.40.jpeg,1600,1200,jpeg
604,6810,2021-12-05/f05f59cc-b14c-45bd-8ae4-33c911687d03_WhatsApp Image 2021-11-25 at 18.44.39.jpeg,1600,1200,jpeg
605,6810,2021-12-05/d189f255-1f9c-4536-9ed9-1dca7d78cbc5_WhatsApp Image 2021-11-25 at 18.44.39 (1).jpeg,1600,1200,jpeg
606,6349,2021-12-05/b527a55c-3f88-4dbd-9b74-ba3b04877af7_WhatsApp Image 2021-11-25 at 18.45.10.jpeg,1600,1200,jpeg
607,6349,2021-12-05/34483013-f34b-49cb-894b-6bb2ba60dbe0_WhatsApp Image 2021-11-25 at 18.45.09.jpeg,1600,1200,jpeg
608,6349,2021-12-05/c1db24e6-4afa-49a5-830b-574d023d8152_WhatsApp Image 2021-11-25 at 18.45.09 (1).jpeg,1600,1200,jpeg
609,6348,2021-12-05/7ea348d2-fd30-467d-925f-cd062810ad52_WhatsApp Image 2021-11-25 at 18.45.48.jpeg,1600,1200,jpeg
610,6348,2021-12-05/af9ac2d8-066e-49c1-879c-d4b1ec562b03_WhatsApp Image 2021-11-25 at 18.45.47.jpeg,1600,1200,jpeg
611,6348,2021-12-05/b730f754-5d3f-4582-9f06-76cdc1401d46_WhatsApp Image 2021-11-25 at 18.45.47 (1).jpeg,1600,1200,jpeg
612,10694,2021-12-05/bba8dd34-da51-4a0f-baeb-a1b2face101a_WhatsApp Image 2021-11-25 at 18.46.21.jpeg,1600,1200,jpeg
613,10694,2021-12-05/ce8632af-9178-4fe7-ac59-4a958f205636_WhatsApp Image 2021-11-25 at 18.46.20.jpeg,1600,1200,jpeg
614,10694,2021-12-05/30ca917d-d8d9-474e-9252-4ef7fb382b07_WhatsApp Image 2021-11-25 at 18.46.19.jpeg,1600,1200,jpeg
615,10696,2021-12-05/950f1eb3-709e-4afa-834c-b6b4b75bde3c_WhatsApp Image 2021-11-25 at 18.46.50 (1).jpeg,1600,1200,jpeg
616,10696,2021-12-05/ce7ffb74-7eb5-4f76-a43c-a5fd880b7906_WhatsApp Image 2021-11-25 at 18.46.50.jpeg,1600,1200,jpeg
617,10696,2021-12-05/141e6ae9-5f79-4c44-9052-659668b4c305_WhatsApp Image 2021-11-25 at 18.46.49.jpeg,1600,1200,jpeg
618,6343,2021-12-05/4b51f93a-5129-4082-90e5-e940868d28bd_WhatsApp Image 2021-11-25 at 18.47.17 (1).jpeg,1600,1200,jpeg
619,6343,2021-12-05/5dfcc571-65e6-4b1d-a748-88ae073831c8_WhatsApp Image 2021-11-25 at 18.47.17.jpeg,1600,1200,jpeg
623,6341,2021-12-05/74f2b7b1-54af-4311-8db2-04fb4db53a67_WhatsApp Image 2021-11-25 at 18.47.45.jpeg,1600,1200,jpeg
624,6811,2021-12-05/3a45909c-93c9-4e38-b3fd-3f334251d91e_WhatsApp Image 2021-11-25 at 18.48.23 (2).jpeg,1600,1200,jpeg
625,6811,2021-12-05/427a5846-02cb-4ddc-87ff-7185e442f209_WhatsApp Image 2021-11-25 at 18.48.23.jpeg,1600,1200,jpeg
626,6811,2021-12-05/81a60122-ab3d-4892-8169-7e0468099f27_WhatsApp Image 2021-11-25 at 18.48.23 (1).jpeg,1600,1200,jpeg
627,6606,2021-12-05/9b6b57c5-4a35-41c9-977d-c43e6be6dd9a_WhatsApp Image 2021-11-25 at 18.48.51 (1).jpeg,1600,1200,jpeg
628,6606,2021-12-05/92411488-c0c4-4281-a4bf-db381c67e2ff_WhatsApp Image 2021-11-25 at 18.48.51.jpeg,1600,1200,jpeg
632,10024,2021-12-05/3e108137-67c9-4f26-bfec-7ce34e5f9b42_WhatsApp Image 2021-11-25 at 18.52.47 (1).jpeg,1600,1200,jpeg
637,2353,2021-12-05/94916e9c-6bd8-4156-83ff-4ec1102b32c6_WhatsApp Image 2021-11-26 at 13.50.46 (1).jpeg,1600,1200,jpeg
640,4767,2021-12-05/353f50de-e68a-4da8-99f9-7b1c40a47cf2_WhatsApp Image 2021-12-02 at 15.17.42.jpeg,1600,1200,jpeg
620,6343,2021-12-05/248351bd-c76a-40b5-bbb2-9d2d451c4bee_WhatsApp Image 2021-11-25 at 18.47.16.jpeg,1600,1200,jpeg
621,6341,2021-12-05/ba183894-6218-4119-aabe-365b9f57c58d_WhatsApp Image 2021-11-25 at 18.47.45 (2).jpeg,1600,1200,jpeg
622,6341,2021-12-05/b4192511-571c-4a13-a865-1a46916d577d_WhatsApp Image 2021-11-25 at 18.47.45 (1).jpeg,1600,1200,jpeg
629,10658,2021-12-05/5b10e1ab-5478-4737-a6e4-8c06e0a1e097_WhatsApp Image 2021-11-25 at 18.49.35 (2).jpeg,1600,1200,jpeg
630,10658,2021-12-05/893228da-d35f-42b2-a07c-57e58b312887_WhatsApp Image 2021-11-25 at 18.49.35 (1).jpeg,1600,1200,jpeg
631,10658,2021-12-05/dd3882fe-c4e0-4186-a584-dc07f68a5c7a_WhatsApp Image 2021-11-25 at 18.49.35.jpeg,1600,1200,jpeg
633,10024,2021-12-05/4bcc071a-39cd-4817-8b95-7ae611d5ac0c_WhatsApp Image 2021-11-25 at 18.52.47.jpeg,1600,1200,jpeg
634,10024,2021-12-05/755569d8-8bc4-4175-a833-561fd335c853_WhatsApp Image 2021-11-25 at 18.52.46.jpeg,1600,1200,jpeg
635,2353,2021-12-05/c72755da-7bf5-4efd-bf48-369624a74dee_WhatsApp Image 2021-11-26 at 13.50.47.jpeg,1600,1200,jpeg
636,2353,2021-12-05/62d24351-45a4-4fdb-bb70-592fa0f7d2de_WhatsApp Image 2021-11-26 at 13.50.46.jpeg,1600,1200,jpeg
638,4767,2021-12-05/b1464a2c-df39-4787-8540-6d6141060d69_WhatsApp Image 2021-12-02 at 15.17.42 (1).jpeg,1600,1200,jpeg
639,4767,2021-12-05/68bcb0c1-36c8-436f-8b8b-12ca26090832_WhatsApp Image 2021-12-02 at 15.17.42 (2).jpeg,1600,1200,jpeg
641,722,2021-12-05/160300ed-d5df-4b92-abec-41da3d67ab98_WhatsApp Image 2021-12-05 at 20.25.37.jpeg,1600,1200,jpeg
642,722,2021-12-05/2f5a6eb7-2151-4c63-b07d-4a7e11a37660_WhatsApp Image 2021-12-05 at 20.26.01.jpeg,1600,1200,jpeg
643,722,2021-12-05/918b1cbf-0125-43e0-a492-94ea5964c9fa_WhatsApp Image 2021-12-05 at 20.25.37 (1).jpeg,1600,1200,jpeg
644,775,2021-12-05/cfb108f7-2eb7-4835-b305-81ba529e9501_WhatsApp Image 2021-12-05 at 20.25.37 (2).jpeg,1600,1200,jpeg
645,775,2021-12-05/030a60cc-1d82-4afd-a2dd-db0cc0e8c0e0_WhatsApp Image 2021-12-05 at 20.25.36.jpeg,1600,1200,jpeg
646,775,2021-12-05/f44ae4c2-0c21-4a3e-8170-274ab8d3cc53_WhatsApp Image 2021-12-05 at 20.25.36 (1).jpeg,1600,1200,jpeg
647,7562,2021-12-05/38e0921c-a904-4523-b13c-523e9172d1e2_WhatsApp Image 2021-12-05 at 20.25.34.jpeg,1600,1200,jpeg
648,7562,2021-12-05/1870a0d9-b429-4044-9680-5d51c53b9b6f_WhatsApp Image 2021-12-05 at 20.25.33.jpeg,1600,1200,jpeg
649,7562,2021-12-05/4c890641-622e-47a8-bfb0-019ae350d7d2_WhatsApp Image 2021-12-05 at 20.25.32.jpeg,1600,1200,jpeg
650,9462,2021-12-05/0f52ef55-801d-4ae7-a07e-c58fcba81ab3_WhatsApp Image 2021-12-05 at 20.25.36 (2).jpeg,1600,1200,jpeg
651,9462,2021-12-05/9e3c58d6-4765-4fba-92ad-25517677a5c1_WhatsApp Image 2021-12-05 at 20.25.35.jpeg,1600,1200,jpeg
652,9462,2021-12-05/d2ed5583-50b9-4267-a2ae-234ee3f383d0_WhatsApp Image 2021-12-05 at 20.25.35 (1).jpeg,1600,1200,jpeg
653,6488,2021-12-05/05448f9b-0a59-4703-b45f-f689ab4f68d4_WhatsApp Image 2021-12-05 at 20.25.35 (2).jpeg,1600,1200,jpeg
654,6488,2021-12-05/f7caa255-3b17-412d-8307-90e937f0cbec_WhatsApp Image 2021-12-05 at 20.25.34 (2).jpeg,1600,1200,jpeg
655,6488,2021-12-05/7ccef5c5-7154-42b9-8ab0-b4d114de2c4a_WhatsApp Image 2021-12-05 at 20.25.34 (1).jpeg,1600,1200,jpeg
656,1546,2021-12-05/43ea7ad9-31fb-4440-8ade-59f7c43df95c_WhatsApp Image 2021-12-05 at 19.16.16.jpeg,1600,901,jpeg
657,1546,2021-12-05/6918934c-1643-4e0a-96d3-80a1c06a7ce7_WhatsApp Image 2021-12-05 at 19.16.16 (1).jpeg,1600,901,jpeg
658,1546,2021-12-05/c676f2e7-5e12-49cb-bea2-c0ea77624988_WhatsApp Image 2021-12-05 at 19.16.17.jpeg,1600,901,jpeg
659,266,2021-12-05/5df8c6a2-166a-48a7-9b63-5b5868653695_WhatsApp Image 2021-12-05 at 19.16.16 (2).jpeg,1600,901,jpeg
660,266,2021-12-05/25d9296f-d8a2-4e6b-ad2c-6071337c09d5_WhatsApp Image 2021-12-05 at 19.16.15.jpeg,1600,901,jpeg
661,266,2021-12-05/48c343e8-4493-44f9-b7eb-e3adb1c23a0f_WhatsApp Image 2021-12-05 at 19.16.15 (1).jpeg,1600,901,jpeg
662,1581,2021-12-05/2c3c2013-c3a9-4ce1-81cd-6443ecdb5a62_WhatsApp Image 2021-12-05 at 19.16.14.jpeg,1600,901,jpeg
663,1581,2021-12-05/9117575f-69e7-472f-89f1-afdabba928e0_WhatsApp Image 2021-12-05 at 19.16.14 (1).jpeg,1600,901,jpeg
664,1581,2021-12-05/a3cd91c1-4d10-4242-8d27-73b9a49df17f_WhatsApp Image 2021-12-05 at 19.16.15 (2).jpeg,1600,901,jpeg
665,1131,2021-12-05/b548ad0b-3fa2-4821-90ff-9a122259c8e9_WhatsApp Image 2021-12-05 at 19.16.17 (1).jpeg,1600,901,jpeg
666,1131,2021-12-05/9ce81c64-c20c-4d6a-b992-b31c38f98ca7_WhatsApp Image 2021-12-05 at 19.16.17 (2).jpeg,1600,901,jpeg
667,1131,2021-12-05/7076549b-c6a2-4a53-8efc-df97e2959c29_WhatsApp Image 2021-12-05 at 19.16.18.jpeg,1600,901,jpeg
668,9631,2021-12-05/18725f64-554a-4960-bc5d-c9a8c3d6b13b_WhatsApp Image 2021-12-05 at 19.16.18 (1).jpeg,1600,901,jpeg
669,9631,2021-12-05/2fa5bd0e-6c07-4284-a6e5-ebf2f1941ddc_WhatsApp Image 2021-12-05 at 19.16.19 (1).jpeg,1600,901,jpeg
670,9631,2021-12-05/b3f3d7e8-192d-47ea-9d3e-bdd2e6935ec3_WhatsApp Image 2021-12-05 at 19.16.19.jpeg,1600,901,jpeg
671,7174,2021-12-05/ee385ffa-26ce-4899-8932-266e07f9ed1a_WhatsApp Image 2021-12-05 at 19.16.19 (2).jpeg,1600,901,jpeg
672,7174,2021-12-05/fbbc98f5-7232-4610-b907-554d60697d8d_WhatsApp Image 2021-12-05 at 19.16.19 (3).jpeg,1600,901,jpeg
673,7174,2021-12-05/d3fb2dd7-7162-4aae-aad6-2078f32d889f_WhatsApp Image 2021-12-05 at 19.16.20.jpeg,1600,901,jpeg
674,5252,2021-12-05/cbba2a50-74ce-48a7-b7dd-75c6f2bd48f4_WhatsApp Image 2021-12-05 at 19.16.23.jpeg,1600,901,jpeg
675,5252,2021-12-05/04dfadcb-e388-44ed-9874-f7e2a90d9185_WhatsApp Image 2021-12-05 at 19.16.23 (2).jpeg,1600,901,jpeg
676,5252,2021-12-05/3c2c30a9-c1d5-402a-a6a0-ae7776188e6a_WhatsApp Image 2021-12-05 at 19.16.23 (1).jpeg,1600,901,jpeg
677,8977,2021-12-05/4cadab16-b793-47f9-a2ce-85f8a3082d27_WhatsApp Image 2021-12-05 at 19.17.00.jpeg,1600,901,jpeg
678,8977,2021-12-05/a287b92c-cc0d-4cd3-b404-de6a3b9bf914_WhatsApp Image 2021-12-05 at 19.17.00 (1).jpeg,1600,901,jpeg
679,8977,2021-12-05/765e028a-cf4a-4110-8a92-d7e898297404_WhatsApp Image 2021-12-05 at 19.17.01.jpeg,1600,901,jpeg
680,78,2021-12-05/3b0a4d75-07fc-41a5-abd4-7db32af945f3_WhatsApp Image 2021-12-05 at 19.16.22 (1).jpeg,1600,901,jpeg
681,78,2021-12-05/9b4c6928-891e-4833-91c6-7f3e1fa70789_WhatsApp Image 2021-12-05 at 19.16.22 (2).jpeg,1600,901,jpeg
682,78,2021-12-05/91f9d1b2-ad02-4f14-ac71-b553eac5aac0_WhatsApp Image 2021-12-05 at 19.16.23 (3).jpeg,1600,901,jpeg
683,1395,2021-12-05/f83d7a35-7fdf-4660-b3b1-1cbb696d73cc_WhatsApp Image 2021-12-05 at 19.16.20 (1).jpeg,1600,901,jpeg
684,1395,2021-12-05/8f58e068-e0ce-4fa2-b85e-bef93a14e96c_WhatsApp Image 2021-12-05 at 19.16.20 (2).jpeg,1600,901,jpeg
685,1395,2021-12-05/5a771317-59d8-45db-b3b1-8a880b9bfe25_WhatsApp Image 2021-12-05 at 19.16.21 (2).jpeg,1600,901,jpeg
686,896,2021-12-05/23cc5802-1560-46cc-8bc2-20f9a68f87f8_WhatsApp Image 2021-12-05 at 19.18.00.jpeg,1600,901,jpeg
687,896,2021-12-05/4758de88-d79a-4d70-9ace-8cd1dbbdc671_WhatsApp Image 2021-12-05 at 19.18.01.jpeg,1600,901,jpeg
688,896,2021-12-05/86fc4ea4-f720-4cdd-80c5-de11784a0d51_WhatsApp Image 2021-12-05 at 19.18.01 (1).jpeg,1600,901,jpeg
689,5966,2021-12-05/adbac87d-63d4-44a8-aac8-cae06f33cbd9_WhatsApp Image 2021-12-05 at 19.17.58.jpeg,1600,901,jpeg
690,5966,2021-12-05/130a4bea-324f-42a0-a056-8f1eca89db14_WhatsApp Image 2021-12-05 at 19.17.59.jpeg,1600,901,jpeg
691,5966,2021-12-05/a803171e-41a4-4b5a-872b-f0d5854ebb99_WhatsApp Image 2021-12-05 at 19.17.58 (1).jpeg,1600,901,jpeg
692,7305,2021-12-05/54b917ae-b636-481e-8b12-b8c014efdfac_WhatsApp Image 2021-12-05 at 19.18.59.jpeg,1600,901,jpeg
693,7305,2021-12-05/18194ad7-8df6-4997-b427-4767b1c2dacd_WhatsApp Image 2021-12-05 at 19.19.00 (1).jpeg,1600,901,jpeg
694,7305,2021-12-05/56e7d01e-c57b-478c-989a-1f360b8f4df6_WhatsApp Image 2021-12-05 at 19.19.00.jpeg,1600,901,jpeg
695,6710,2021-12-05/bb04cd47-8051-44f5-a471-5fe4880e47a5_WhatsApp Image 2021-12-05 at 19.18.56.jpeg,1600,901,jpeg
696,6710,2021-12-05/6f8ce417-e143-4a92-943c-c97be0c96575_WhatsApp Image 2021-12-05 at 19.18.57.jpeg,1600,901,jpeg
697,2194,2021-12-05/8211c418-7992-4927-bbd9-2fe19c3ad3d1_WhatsApp Image 2021-12-05 at 19.18.59 (2).jpeg,1600,901,jpeg
698,2194,2021-12-05/b3f057a9-1316-4b3b-821d-99f9a70adee5_WhatsApp Image 2021-12-05 at 19.18.58.jpeg,1600,901,jpeg
699,2194,2021-12-05/e5ae69b8-b36e-460a-8c87-7c1e8ff27a51_WhatsApp Image 2021-12-05 at 19.18.59 (1).jpeg,1600,901,jpeg
700,530,2021-12-05/84a7c4e5-fc29-457d-adc6-58d266dcfb3b_WhatsApp Image 2021-12-05 at 19.18.58 (1).jpeg,1600,901,jpeg
701,530,2021-12-05/259dc29c-ff7e-4f16-9383-68919e47d910_WhatsApp Image 2021-12-05 at 19.18.58 (2).jpeg,1600,901,jpeg
702,530,2021-12-05/d4535bf3-d1b2-4b17-b422-6012c855272b_WhatsApp Image 2021-12-05 at 19.18.57 (1).jpeg,1600,901,jpeg
703,998,2021-12-05/4d054adf-72de-4912-90ce-6f1a12b8de8a_WhatsApp Image 2021-12-05 at 19.19.00 (2).jpeg,1600,901,jpeg
704,998,2021-12-05/9ad652fd-4a80-4307-a323-22c67d6a8bba_WhatsApp Image 2021-12-05 at 19.19.01.jpeg,1600,901,jpeg
705,998,2021-12-05/e5f64669-6716-41f3-9320-e02873e98b77_WhatsApp Image 2021-12-05 at 19.19.01 (1).jpeg,1600,901,jpeg
706,1617,2021-12-05/c17ca44e-30e8-4f26-b0f6-0849d4f2a521_WhatsApp Image 2021-12-05 at 19.19.33.jpeg,1600,901,jpeg
707,1617,2021-12-05/f5785937-109d-4fec-8505-0e72801296f3_WhatsApp Image 2021-12-05 at 19.19.34 (1).jpeg,1600,901,jpeg
708,1617,2021-12-05/e8c9af40-1e06-4d7e-9d66-026326ebc1e7_WhatsApp Image 2021-12-05 at 19.19.34.jpeg,1600,901,jpeg
709,1129,2021-12-05/bb9c54ea-953b-4189-80d6-1c135e66e591_WhatsApp Image 2021-12-05 at 19.19.34 (2).jpeg,1600,901,jpeg
710,1129,2021-12-05/471943fa-af43-4880-8b42-19daa2eef66f_WhatsApp Image 2021-12-05 at 19.19.35 (1).jpeg,1600,901,jpeg
711,1129,2021-12-05/fa302b6a-bb5c-434c-bdcb-f3fa6795c574_WhatsApp Image 2021-12-05 at 19.19.35.jpeg,1600,901,jpeg
712,1653,2021-12-05/b69b83c8-b36f-46be-b219-55c78d6def48_WhatsApp Image 2021-12-05 at 19.19.32.jpeg,1600,901,jpeg
713,1653,2021-12-05/59ae7d3f-6e68-47f1-aef3-88fc64dfa633_WhatsApp Image 2021-12-05 at 19.19.33 (1).jpeg,1600,901,jpeg
714,1653,2021-12-05/22d08926-ffa4-420b-93f0-dfdc73519994_WhatsApp Image 2021-12-05 at 19.19.33 (2).jpeg,1600,901,jpeg
715,669,2021-12-05/dbca94a7-695f-4227-8c2f-504e93ae91a1_WhatsApp Image 2021-12-05 at 21.16.09.jpeg,1600,901,jpeg
716,669,2021-12-05/f9510a25-7452-48db-8440-429174c3f983_WhatsApp Image 2021-12-05 at 21.16.08.jpeg,1600,901,jpeg
717,669,2021-12-05/d88a64a1-d85f-4dd9-bd40-f7868d3767a0_WhatsApp Image 2021-12-05 at 21.16.08 (1).jpeg,1600,901,jpeg
718,7165,2021-12-05/4aebe5c7-b79e-4e02-87bd-9ea47415f9db_WhatsApp Image 2021-12-05 at 21.16.14 (1).jpeg,1600,901,jpeg
719,7165,2021-12-05/ec2c0e6f-14e6-4891-86ce-0f646f4a2419_WhatsApp Image 2021-12-05 at 21.16.14.jpeg,1600,901,jpeg
720,7165,2021-12-05/33a46288-edd4-4881-9ad6-8faa8b71ac09_WhatsApp Image 2021-12-05 at 21.16.13.jpeg,1600,901,jpeg
721,6723,2021-12-05/e6c2ac45-d657-4170-8f4d-df90ecf46395_WhatsApp Image 2021-12-05 at 21.16.10.jpeg,1600,901,jpeg
722,6723,2021-12-05/71daca73-0c7d-49b3-837d-416760ea8f41_WhatsApp Image 2021-12-05 at 21.16.09 (2).jpeg,1600,901,jpeg
723,6723,2021-12-05/853dbde3-7d16-40a6-a762-768de7ab7654_WhatsApp Image 2021-12-05 at 21.16.09 (1).jpeg,1600,901,jpeg
724,7652,2021-12-05/a57fd078-1490-48b5-96c5-18f956e18760_WhatsApp Image 2021-12-05 at 21.16.08 (2).jpeg,1600,901,jpeg
725,7652,2021-12-05/180ee66e-88af-4219-9cdc-47a4e1784910_WhatsApp Image 2021-12-05 at 21.16.07.jpeg,1600,901,jpeg
726,6384,2021-12-05/14c14860-804c-4179-afe1-5c1cac775420_WhatsApp Image 2021-12-05 at 9.16.11 PM.jpeg,1600,901,jpeg
727,6384,2021-12-05/7bee219b-c228-4e31-b74a-8b1bbb0389e8_WhatsApp Image 2021-12-05 at 9.16.11 PM (1).jpeg,1600,901,jpeg
728,6384,2021-12-05/7406531e-8c8f-4f84-b4a2-534e75831483_WhatsApp Image 2021-12-05 at 9.16.10 PM.jpeg,1600,901,jpeg
729,5407,2021-12-05/db3cb637-0c4d-4858-9f83-4a28a10e55b3_WhatsApp Image 2021-12-05 at 9.16.13 PM.jpeg,1600,901,jpeg
730,5407,2021-12-05/7c729faf-6165-499e-a7f8-d075b411f96d_WhatsApp Image 2021-12-05 at 9.16.13 PM (1).jpeg,1600,901,jpeg
731,5407,2021-12-05/990c04bf-b726-4af5-8532-bbf46723d4a6_WhatsApp Image 2021-12-05 at 9.16.12 PM.jpeg,1600,901,jpeg
732,1151,2021-12-05/ef6502da-e3e0-44a9-988f-d8c44e416594_WhatsApp Image 2021-12-05 at 9.19.24 PM.jpeg,1600,901,jpeg
733,1151,2021-12-05/d1901e63-e319-4b30-a308-5640b40aa9ff_WhatsApp Image 2021-12-05 at 9.19.24 PM (1).jpeg,1600,901,jpeg
734,1151,2021-12-05/7e086d99-3ce8-434a-ab7e-149b45354cfa_WhatsApp Image 2021-12-05 at 9.19.23 PM.jpeg,1600,901,jpeg
735,4632,2021-12-05/fe97b8e4-2cf1-44e0-9a34-ab3d0d187a78_WhatsApp Image 2021-12-05 at 9.26.13 PM.jpeg,1600,901,jpeg
736,4632,2021-12-05/99459574-bdaa-4667-9f6c-5a6bdd3b7d53_WhatsApp Image 2021-12-05 at 9.26.13 PM (1).jpeg,1600,901,jpeg
737,4632,2021-12-05/682f792a-dd1d-470a-94f9-4fa303af79b9_WhatsApp Image 2021-12-05 at 9.26.12 PM.jpeg,1600,901,jpeg
738,503,2021-12-06/7ac8e47c-ef06-41e3-91d3-43cc50a6b439_WhatsApp Image 2021-12-06 at 11.13.11.jpeg,1280,720,jpeg
739,503,2021-12-06/4dca49d0-1050-4848-927d-e5ba223be390_WhatsApp Image 2021-12-06 at 11.13.26.jpeg,1280,720,jpeg
740,503,2021-12-06/634c2740-39c0-443a-9244-2910145f7da6_WhatsApp Image 2021-12-06 at 11.13.35.jpeg,1280,720,jpeg
741,10952,2021-12-06/7f4880dc-056f-4486-96f3-328d8a7fc4e1_WhatsApp Image 2021-12-03 at 13.23.39.jpeg,1600,900,jpeg
742,10952,2021-12-06/d0baec90-bed3-4920-9d6f-e5734f08b8e8_WhatsApp Image 2021-12-03 at 13.23.55.jpeg,1600,900,jpeg
743,10952,2021-12-06/d74bf1f1-97cd-4ed3-9992-3eed655c9f8b_WhatsApp Image 2021-12-03 at 13.24.26.jpeg,1600,900,jpeg
744,10495,2021-12-06/4f9fe7ec-aa54-4f0b-802e-5f5f5ab736aa_WhatsApp Image 2021-12-01 at 14.22.53.jpeg,1600,901,jpeg
745,10495,2021-12-06/06f022b0-2498-4b33-b3dd-243df6d55a12_WhatsApp Image 2021-12-01 at 14.23.01.jpeg,1600,901,jpeg
746,10495,2021-12-06/ce8357dc-72ff-4fb6-8788-68862f1ec098_WhatsApp Image 2021-12-01 at 14.23.10.jpeg,1600,901,jpeg
